{
  "bidderPosition": 4,
  "values": {
    "16": 12.4470709525915328441669771564193069934844970703125,
    "17": 14.327051880227120506106075481511652469635009765625,
    "8": 3.825712384092951889869027581880800426006317138671875,
    "9": 1.1802214528805787807641536346636712551116943359375,
    "10": 19.1261716354968172026929096318781375885009765625,
    "11": 11.4422489481053535342880422831512987613677978515625
  },
  "setupType": "Regional Bidder Setup",
  "population": 0,
  "id": 4,
  "worldId": 39,
  "implementation": "org.spectrumauctions.sats.core.model.gsvm.GSVMBidder"
}