{
  "bidderPosition": 3,
  "values": {
    "16": 4.4246575934837313326397634227760136127471923828125,
    "6": 23.43918519788802967696028645150363445281982421875,
    "7": 9.84052703154066676916045253165066242218017578125,
    "8": 13.911904156367757678935959120281040668487548828125,
    "9": 9.39455359623758567977347411215305328369140625,
    "15": 4.574007315263191486565119703300297260284423828125
  },
  "setupType": "Regional Bidder Setup",
  "population": 0,
  "id": 3,
  "worldId": 39,
  "implementation": "org.spectrumauctions.sats.core.model.gsvm.GSVMBidder"
}