{
  "bidderPosition": 0,
  "values": {
    "0": 8.2965267754444766978849656879901885986328125,
    "1": 1.938959277047695994866671753698028624057769775390625,
    "2": 14.4725274963872170275180906173773109912872314453125,
    "3": 14.2907976259208187030935732764191925525665283203125,
    "12": 10.83773488976124355076535721309483051300048828125,
    "13": 2.088640120529754451439430340542457997798919677734375
  },
  "setupType": "Regional Bidder Setup",
  "population": 0,
  "id": 0,
  "worldId": 39,
  "implementation": "org.spectrumauctions.sats.core.model.gsvm.GSVMBidder"
}