{
  "bidderPosition": 1,
  "values": {
    "2": 3.552680817015849701334673227393068373203277587890625,
    "3": 7.1072952065845651503650515223853290081024169921875,
    "4": 24.964883326711419186949569848366081714630126953125,
    "5": 24.16570769200084356498337001539766788482666015625,
    "13": 13.986712626478134069429870578460395336151123046875,
    "14": 16.150275284173776668694699765183031558990478515625
  },
  "setupType": "Regional Bidder Setup",
  "population": 0,
  "id": 1,
  "worldId": 39,
  "implementation": "org.spectrumauctions.sats.core.model.gsvm.GSVMBidder"
}