{
  "bidderPosition": 5,
  "values": {
    "0": 3.195261064362699965357705877977423369884490966796875,
    "1": 4.9860786012021147683981325826607644557952880859375,
    "17": 16.1753722998749935868545435369014739990234375,
    "10": 11.0635472609756941864134205388836562633514404296875,
    "11": 14.3716231804967531360262000816874206066131591796875,
    "12": 19.930198223920502442751967464573681354522705078125
  },
  "setupType": "Regional Bidder Setup",
  "population": 0,
  "id": 5,
  "worldId": 39,
  "implementation": "org.spectrumauctions.sats.core.model.gsvm.GSVMBidder"
}