{
  "bidderPosition": 2,
  "values": {
    "4": 13.6995491690099271409053471870720386505126953125,
    "5": 0.66564363878696131138212876976467669010162353515625,
    "6": 27.4462447134095413048271439038217067718505859375,
    "7": 31.395764942980552092421930865384638309478759765625,
    "14": 8.381388807644004401709025842137634754180908203125,
    "15": 19.51161056480970046322909183800220489501953125
  },
  "setupType": "Regional Bidder Setup",
  "population": 0,
  "id": 2,
  "worldId": 39,
  "implementation": "org.spectrumauctions.sats.core.model.gsvm.GSVMBidder"
}