{
  "bidderPosition": -1,
  "values": {
    "0": 3.383088584282496480426516427542082965373992919921875,
    "1": 5.19707939112825112459859155933372676372528076171875,
    "2": 5.295242024845396855425860849209129810333251953125,
    "3": 9.7661932600942105153762895497493445873260498046875,
    "4": 2.7242101030443155451621350948698818683624267578125,
    "5": 4.763258807962767349408750305883586406707763671875,
    "6": 0.298168733533621388431811283226124942302703857421875,
    "7": 1.763160957020770691627831183723174035549163818359375,
    "8": 6.72749103092939915171655229642055928707122802734375,
    "9": 9.6458772508571204440386281930841505527496337890625,
    "10": 0.97694269769268426983899189508520066738128662109375,
    "11": 2.4274951031514913069031535997055470943450927734375
  },
  "setupType": "National Bidder Setup",
  "population": 0,
  "id": 6,
  "worldId": 39,
  "implementation": "org.spectrumauctions.sats.core.model.gsvm.GSVMBidder"
}