{
  "bidderPosition": 2,
  "values": {
    "4": 2.4918488251418313694784956169314682483673095703125,
    "5": 37.6631918400513541200780309736728668212890625,
    "6": 25.8049594445673307063771062530577182769775390625,
    "7": 23.05422851603005796050638309679925441741943359375,
    "14": 3.201489169415723257117178945918567478656768798828125,
    "15": 9.2094581277652292072843920323066413402557373046875
  },
  "setupType": "Regional Bidder Setup",
  "population": 0,
  "id": 2,
  "worldId": 38,
  "implementation": "org.spectrumauctions.sats.core.model.gsvm.GSVMBidder"
}