{
  "bidderPosition": 5,
  "values": {
    "0": 1.00248032333785541680981623358093202114105224609375,
    "1": 17.669109725565949275960520026274025440216064453125,
    "17": 4.625340748461344020370233920402824878692626953125,
    "10": 16.914685143089545960037867189384996891021728515625,
    "11": 19.528042216836499989085496054030954837799072265625,
    "12": 0.958815289646757218378070319886319339275360107421875
  },
  "setupType": "Regional Bidder Setup",
  "population": 0,
  "id": 5,
  "worldId": 38,
  "implementation": "org.spectrumauctions.sats.core.model.gsvm.GSVMBidder"
}