{
  "bidderPosition": 4,
  "values": {
    "16": 11.448656426781099071376956999301910400390625,
    "17": 6.68244974770896948967902062577195465564727783203125,
    "8": 4.24402031027966142318064157734625041484832763671875,
    "9": 3.735114282791969220198780021746642887592315673828125,
    "10": 19.132892616214018488562942366115748882293701171875,
    "11": 5.1397527316162179289449341013096272945404052734375
  },
  "setupType": "Regional Bidder Setup",
  "population": 0,
  "id": 4,
  "worldId": 38,
  "implementation": "org.spectrumauctions.sats.core.model.gsvm.GSVMBidder"
}