{
  "bidderPosition": -1,
  "values": {
    "0": 7.3398185192085971806363886571489274501800537109375,
    "1": 6.825810247819145359926551464013755321502685546875,
    "2": 6.15226935539879971059917806996963918209075927734375,
    "3": 8.0667934637439611122999849612824618816375732421875,
    "4": 5.9798492225172044101100254920311272144317626953125,
    "5": 12.6046860483053961843324941582977771759033203125,
    "6": 6.9056587256010342201761886826716363430023193359375,
    "7": 6.726936138520141383878581109456717967987060546875,
    "8": 6.46300817215391276704394840635359287261962890625,
    "9": 4.18954909529812624668920761905610561370849609375,
    "10": 2.58734936533947301739999602432362735271453857421875,
    "11": 9.4042469888811250910976013983599841594696044921875
  },
  "setupType": "National Bidder Setup",
  "population": 0,
  "id": 6,
  "worldId": 38,
  "implementation": "org.spectrumauctions.sats.core.model.gsvm.GSVMBidder"
}