{
  "bidderPosition": 3,
  "values": {
    "16": 18.24606428581311234893291839398443698883056640625,
    "6": 33.09944561964319831304237595759332180023193359375,
    "7": 32.4635044168338851022781454958021640777587890625,
    "8": 19.5271386805338380554530886001884937286376953125,
    "9": 18.69894775540344511455259635113179683685302734375,
    "15": 11.8471159768267124690055425162427127361297607421875
  },
  "setupType": "Regional Bidder Setup",
  "population": 0,
  "id": 3,
  "worldId": 38,
  "implementation": "org.spectrumauctions.sats.core.model.gsvm.GSVMBidder"
}