{
  "bidderPosition": 0,
  "values": {
    "0": 17.83998144231933480341467657126486301422119140625,
    "1": 4.93141287662736349517444978118874132633209228515625,
    "2": 2.617986465826314113058970178826712071895599365234375,
    "3": 15.0939272899473326816632834379561245441436767578125,
    "12": 15.81256814323720760739888646639883518218994140625,
    "13": 19.98499693995932346979316207580268383026123046875
  },
  "setupType": "Regional Bidder Setup",
  "population": 0,
  "id": 0,
  "worldId": 38,
  "implementation": "org.spectrumauctions.sats.core.model.gsvm.GSVMBidder"
}