{
  "bidderPosition": 1,
  "values": {
    "2": 9.7166627570518553369538494735024869441986083984375,
    "3": 19.65284382761955583873714203946292400360107421875,
    "4": 34.65701626539624413680940051563084125518798828125,
    "5": 1.35430288319145386566333399969153106212615966796875,
    "13": 15.1966242701445963803053018637001514434814453125,
    "14": 19.7526793418674486702002468518912792205810546875
  },
  "setupType": "Regional Bidder Setup",
  "population": 0,
  "id": 1,
  "worldId": 38,
  "implementation": "org.spectrumauctions.sats.core.model.gsvm.GSVMBidder"
}