{
  "bidderPosition": 2,
  "values": {
    "4": 32.34240350792372709065602975897490978240966796875,
    "5": 39.5403028434787842115838429890573024749755859375,
    "6": 3.285668172143711984745095833204686641693115234375,
    "7": 1.16369098477658194923378687235526740550994873046875,
    "14": 8.3989014393990952811464012484066188335418701171875,
    "15": 12.7139155596521451485614306875504553318023681640625
  },
  "setupType": "Regional Bidder Setup",
  "population": 0,
  "id": 2,
  "worldId": 33,
  "implementation": "org.spectrumauctions.sats.core.model.gsvm.GSVMBidder"
}