{
  "bidderPosition": 4,
  "values": {
    "16": 5.8547110677899265596124678268097341060638427734375,
    "17": 9.3358423340287526315250943298451602458953857421875,
    "8": 5.418391876543910967711781268008053302764892578125,
    "9": 11.00577572844503748683564481325447559356689453125,
    "10": 17.708818910855537609450038871727883815765380859375,
    "11": 11.64618363151706859071055077947676181793212890625
  },
  "setupType": "Regional Bidder Setup",
  "population": 0,
  "id": 4,
  "worldId": 33,
  "implementation": "org.spectrumauctions.sats.core.model.gsvm.GSVMBidder"
}