{
  "bidderPosition": 0,
  "values": {
    "0": 4.126018777717394669934947160072624683380126953125,
    "1": 5.9379105226650086279960305546410381793975830078125,
    "2": 18.870013396311520637027570046484470367431640625,
    "3": 15.9542357077804464182690935558639466762542724609375,
    "12": 8.086064071601281710854891571216285228729248046875,
    "13": 3.54772688593749219165829345001839101314544677734375
  },
  "setupType": "Regional Bidder Setup",
  "population": 0,
  "id": 0,
  "worldId": 33,
  "implementation": "org.spectrumauctions.sats.core.model.gsvm.GSVMBidder"
}