{
  "bidderPosition": -1,
  "values": {
    "0": 4.0125503242429889638742679380811750888824462890625,
    "1": 7.86690788872567292600024302373640239238739013671875,
    "2": 7.03591495250286858009758361731655895709991455078125,
    "3": 8.173211695353504779859576956368982791900634765625,
    "4": 14.83116210828550407541115419007837772369384765625,
    "5": 1.675110678542057751627680772799067199230194091796875,
    "6": 12.8772484397348847551256767474114894866943359375,
    "7": 10.2227723339271303615305441780947148799896240234375,
    "8": 6.7952531096430508483763333060778677463531494140625,
    "9": 5.66091795645677020587527294992469251155853271484375,
    "10": 0.0407557982807471574915325618349015712738037109375,
    "11": 3.47500991089231803243819740600883960723876953125
  },
  "setupType": "National Bidder Setup",
  "population": 0,
  "id": 6,
  "worldId": 33,
  "implementation": "org.spectrumauctions.sats.core.model.gsvm.GSVMBidder"
}