{
  "bidderPosition": 1,
  "values": {
    "2": 19.779667213391196156635487568564713001251220703125,
    "3": 12.9196645131686889129696282907389104366302490234375,
    "4": 19.6031257241898657639467273838818073272705078125,
    "5": 13.0514393282693532682969816960394382476806640625,
    "13": 3.793910935059525701973370814812369644641876220703125,
    "14": 1.737194809633459957609602497541345655918121337890625
  },
  "setupType": "Regional Bidder Setup",
  "population": 0,
  "id": 1,
  "worldId": 33,
  "implementation": "org.spectrumauctions.sats.core.model.gsvm.GSVMBidder"
}