{
  "bidderPosition": 3,
  "values": {
    "16": 1.6979705901677721868736625765450298786163330078125,
    "6": 3.62004900982018984478827405837364494800567626953125,
    "7": 5.23044236187462541209924893337301909923553466796875,
    "8": 13.303646866546966265332230250351130962371826171875,
    "9": 2.234345698905964017200176385813392698764801025390625,
    "15": 14.1638225875205332471296060248278081417083740234375
  },
  "setupType": "Regional Bidder Setup",
  "population": 0,
  "id": 3,
  "worldId": 33,
  "implementation": "org.spectrumauctions.sats.core.model.gsvm.GSVMBidder"
}