{
  "bidderPosition": 5,
  "values": {
    "0": 4.759116435482628304498575744219124317169189453125,
    "1": 15.7194460126871131677717130514793097972869873046875,
    "17": 7.815632094825133435733732767403125762939453125,
    "10": 2.254216345139916644058075689827091991901397705078125,
    "11": 16.376913558228810785522000514902174472808837890625,
    "12": 18.3440509298679472749427077360451221466064453125
  },
  "setupType": "Regional Bidder Setup",
  "population": 0,
  "id": 5,
  "worldId": 33,
  "implementation": "org.spectrumauctions.sats.core.model.gsvm.GSVMBidder"
}