{
  "bidderPosition": 4,
  "values": {
    "16": 7.0897329654951573019161514821462333202362060546875,
    "17": 1.366052293154702557131940920953638851642608642578125,
    "8": 10.260635066444908858329654322005808353424072265625,
    "9": 15.3161607688726082443508857977576553821563720703125,
    "10": 11.65236272176721143978284089826047420501708984375,
    "11": 5.38875432971646528557130295666866004467010498046875
  },
  "setupType": "Regional Bidder Setup",
  "population": 0,
  "id": 4,
  "worldId": 31,
  "implementation": "org.spectrumauctions.sats.core.model.gsvm.GSVMBidder"
}