{
  "bidderPosition": 1,
  "values": {
    "2": 1.819133538143919981422413911786861717700958251953125,
    "3": 10.404600906324244391498723416589200496673583984375,
    "4": 36.58462622984478684884379617869853973388671875,
    "5": 24.0626933116449919225487974472343921661376953125,
    "13": 12.578857774664175650514152948744595050811767578125,
    "14": 5.51547940812172843294547419645823538303375244140625
  },
  "setupType": "Regional Bidder Setup",
  "population": 0,
  "id": 1,
  "worldId": 31,
  "implementation": "org.spectrumauctions.sats.core.model.gsvm.GSVMBidder"
}