{
  "bidderPosition": 0,
  "values": {
    "0": 16.959719261177127691553323529660701751708984375,
    "1": 1.94001837109132768688368742004968225955963134765625,
    "2": 15.4525417765314525553321800543926656246185302734375,
    "3": 10.024869163197678290089243091642856597900390625,
    "12": 1.9284262533459983757211375632323324680328369140625,
    "13": 7.8857954609856317773619593936018645763397216796875
  },
  "setupType": "Regional Bidder Setup",
  "population": 0,
  "id": 0,
  "worldId": 31,
  "implementation": "org.spectrumauctions.sats.core.model.gsvm.GSVMBidder"
}