{
  "bidderPosition": 5,
  "values": {
    "0": 3.777041631112922903668049912084825336933135986328125,
    "1": 2.63652709307098387370160708087496459484100341796875,
    "17": 8.2823783809071667150192297413013875484466552734375,
    "10": 0.028474800238367237170677981339395046234130859375,
    "11": 12.29158760314341947150751366280019283294677734375,
    "12": 12.87914043573186262392482603900134563446044921875
  },
  "setupType": "Regional Bidder Setup",
  "population": 0,
  "id": 5,
  "worldId": 31,
  "implementation": "org.spectrumauctions.sats.core.model.gsvm.GSVMBidder"
}