{
  "bidderPosition": 2,
  "values": {
    "4": 22.266065957288304844041704200208187103271484375,
    "5": 18.6720303951046986412620753981173038482666015625,
    "6": 3.78013300177058919615546983550302684307098388671875,
    "7": 24.21713020949798789160922751761972904205322265625,
    "14": 18.23135742280636151235739816911518573760986328125,
    "15": 18.4207520468682588443698477931320667266845703125
  },
  "setupType": "Regional Bidder Setup",
  "population": 0,
  "id": 2,
  "worldId": 31,
  "implementation": "org.spectrumauctions.sats.core.model.gsvm.GSVMBidder"
}