{
  "bidderPosition": -1,
  "values": {
    "0": 2.9663020625580305278390369494445621967315673828125,
    "1": 1.7938312962234415071094417726271785795688629150390625,
    "2": 0.6499862935514577610973674381966702640056610107421875,
    "3": 6.7957720140110300377500607282854616641998291015625,
    "4": 3.140961519525082845660790553665719926357269287109375,
    "5": 12.3564986720406455589227334712632000446319580078125,
    "6": 16.855492875785301976065966300666332244873046875,
    "7": 19.721049397340397746347662177868187427520751953125,
    "8": 6.4182810801702743219721014611423015594482421875,
    "9": 1.4437508817673727623542845321935601532459259033203125,
    "10": 5.8061034663201009919930584146641194820404052734375,
    "11": 0.5710968610325550809392325390945188701152801513671875
  },
  "setupType": "National Bidder Setup",
  "population": 0,
  "id": 6,
  "worldId": 31,
  "implementation": "org.spectrumauctions.sats.core.model.gsvm.GSVMBidder"
}