{
  "bidderPosition": 3,
  "values": {
    "16": 8.021903856109648955907687195576727390289306640625,
    "6": 33.78656108817992986814715550281107425689697265625,
    "7": 21.43908387108259461228954023681581020355224609375,
    "8": 11.67241039221514853352346108295023441314697265625,
    "9": 0.138233745869491553293073593522422015666961669921875,
    "15": 9.2007517735084292098690639249980449676513671875
  },
  "setupType": "Regional Bidder Setup",
  "population": 0,
  "id": 3,
  "worldId": 31,
  "implementation": "org.spectrumauctions.sats.core.model.gsvm.GSVMBidder"
}