{
  "bidderPosition": 2,
  "values": {
    "4": 3.42951306987305581941427590209059417247772216796875,
    "5": 0.4866222589781710183842733385972678661346435546875,
    "6": 15.94753199162608581218592007644474506378173828125,
    "7": 10.7921231093944935963691023061983287334442138671875,
    "14": 15.760230355554948999952102894894778728485107421875,
    "15": 19.494978242368798504458027309738099575042724609375
  },
  "setupType": "Regional Bidder Setup",
  "population": 0,
  "id": 2,
  "worldId": 42,
  "implementation": "org.spectrumauctions.sats.core.model.gsvm.GSVMBidder"
}