{
  "bidderPosition": -1,
  "values": {
    "0": 4.69293466619182364496509762830100953578948974609375,
    "1": 2.23844659805330525870203928207047283649444580078125,
    "2": 8.436699054267823072450482868589460849761962890625,
    "3": 3.07381566788458737704559098347090184688568115234375,
    "4": 15.3010381702741486975583029561676084995269775390625,
    "5": 2.044151757527570278938355841091834008693695068359375,
    "6": 2.975766008552163111033905806834809482097625732421875,
    "7": 19.3450332629683572349676978774368762969970703125,
    "8": 0.1412620319120250211852862776140682399272918701171875,
    "9": 4.07264244402575581460723697091452777385711669921875,
    "10": 1.37103355196842358054709620773792266845703125,
    "11": 4.1931953286912886369464104063808917999267578125
  },
  "setupType": "National Bidder Setup",
  "population": 0,
  "id": 6,
  "worldId": 42,
  "implementation": "org.spectrumauctions.sats.core.model.gsvm.GSVMBidder"
}