{
  "bidderPosition": 3,
  "values": {
    "16": 2.510198364767799450447682829690165817737579345703125,
    "6": 0.6816407347853736808929170365445315837860107421875,
    "7": 29.64563501362653852311268565244972705841064453125,
    "8": 8.873040963976233541643523494713008403778076171875,
    "9": 2.537268920236457336869762002606876194477081298828125,
    "15": 19.64554880324624974718972225673496723175048828125
  },
  "setupType": "Regional Bidder Setup",
  "population": 0,
  "id": 3,
  "worldId": 42,
  "implementation": "org.spectrumauctions.sats.core.model.gsvm.GSVMBidder"
}