{
  "bidderPosition": 5,
  "values": {
    "0": 8.4490765741020208423606163705699145793914794921875,
    "1": 17.799564929582555095066709327511489391326904296875,
    "17": 2.47546684449334808419962428160943090915679931640625,
    "10": 6.5261773132616323067622943199239671230316162109375,
    "11": 19.769160120264839264336842461489140987396240234375,
    "12": 17.169646458632190189064203877933323383331298828125
  },
  "setupType": "Regional Bidder Setup",
  "population": 0,
  "id": 5,
  "worldId": 42,
  "implementation": "org.spectrumauctions.sats.core.model.gsvm.GSVMBidder"
}