{
  "bidderPosition": 1,
  "values": {
    "2": 2.80265919898332160897780340746976435184478759765625,
    "3": 4.715278331978776549249232630245387554168701171875,
    "4": 34.394130449402183558049728162586688995361328125,
    "5": 36.3334292476239255620384938083589076995849609375,
    "13": 18.485175942310792862599555519409477710723876953125,
    "14": 2.301865900622248606310904506244696676731109619140625
  },
  "setupType": "Regional Bidder Setup",
  "population": 0,
  "id": 1,
  "worldId": 42,
  "implementation": "org.spectrumauctions.sats.core.model.gsvm.GSVMBidder"
}