{
  "bidderPosition": 4,
  "values": {
    "16": 10.8532383863508901100658476934768259525299072265625,
    "17": 7.12030422638281379477120935916900634765625,
    "8": 10.318904497221179639154797769151628017425537109375,
    "9": 18.88743600553693369192842510528862476348876953125,
    "10": 18.9817413629243532113832770846784114837646484375,
    "11": 4.714324573144050845030506025068461894989013671875
  },
  "setupType": "Regional Bidder Setup",
  "population": 0,
  "id": 4,
  "worldId": 42,
  "implementation": "org.spectrumauctions.sats.core.model.gsvm.GSVMBidder"
}