{
  "bidderPosition": 0,
  "values": {
    "0": 9.003418943290210307850429671816527843475341796875,
    "1": 11.217151356033891573815708397887647151947021484375,
    "2": 6.6038152446239966053553871461190283298492431640625,
    "3": 7.50656380139061329970218139351345598697662353515625,
    "12": 11.036158217521400359828476211987435817718505859375,
    "13": 6.71047235922899432125632301904261112213134765625
  },
  "setupType": "Regional Bidder Setup",
  "population": 0,
  "id": 0,
  "worldId": 42,
  "implementation": "org.spectrumauctions.sats.core.model.gsvm.GSVMBidder"
}