{
  "bidderPosition": 4,
  "values": {
    "16": 1.114960114131198221087970523512922227382659912109375,
    "17": 1.53893770013518338402036533807404339313507080078125,
    "8": 7.607448788743138123891185387037694454193115234375,
    "9": 2.907013881732130045065787271596491336822509765625,
    "10": 1.20195027515777486115666761179454624652862548828125,
    "11": 11.0122205028488107103612492210231721401214599609375
  },
  "setupType": "Regional Bidder Setup",
  "population": 0,
  "id": 4,
  "worldId": 16,
  "implementation": "org.spectrumauctions.sats.core.model.gsvm.GSVMBidder"
}