{
  "bidderPosition": 0,
  "values": {
    "0": 3.7560163707250726616848623962141573429107666015625,
    "1": 11.23080874362181447168040904216468334197998046875,
    "2": 9.33974346904545882352977059781551361083984375,
    "3": 18.544396445249478944106158451177179813385009765625,
    "12": 2.088746649504684693710032661329023540019989013671875,
    "13": 11.84397435464001091531827114522457122802734375
  },
  "setupType": "Regional Bidder Setup",
  "population": 0,
  "id": 0,
  "worldId": 16,
  "implementation": "org.spectrumauctions.sats.core.model.gsvm.GSVMBidder"
}