{
  "bidderPosition": 5,
  "values": {
    "0": 3.092495949786755460308995679952204227447509765625,
    "1": 15.20670949540501482033505453728139400482177734375,
    "17": 10.063180880256904714542542933486402034759521484375,
    "10": 16.74135205572245155281052575446665287017822265625,
    "11": 15.6702134568050670537786572822369635105133056640625,
    "12": 1.74962503426347115720318470266647636890411376953125
  },
  "setupType": "Regional Bidder Setup",
  "population": 0,
  "id": 5,
  "worldId": 16,
  "implementation": "org.spectrumauctions.sats.core.model.gsvm.GSVMBidder"
}