{
  "bidderPosition": -1,
  "values": {
    "0": 5.70620141423626403565094733494333922863006591796875,
    "1": 1.4726539695459184287074094754643738269805908203125,
    "2": 3.56957604223505331475507773575372993946075439453125,
    "3": 7.6868778686637000419068499468266963958740234375,
    "4": 10.462120994994638323305480298586189746856689453125,
    "5": 14.4707446964785741982950639794580638408660888671875,
    "6": 15.810591535986180389272703905589878559112548828125,
    "7": 12.88124162176071507701635709963738918304443359375,
    "8": 7.31264311660095867040354278287850320339202880859375,
    "9": 1.9325616030151582247498254218953661620616912841796875,
    "10": 6.9507280255206556063285461277700960636138916015625,
    "11": 4.37016390504319485188489124993793666362762451171875
  },
  "setupType": "National Bidder Setup",
  "population": 0,
  "id": 6,
  "worldId": 16,
  "implementation": "org.spectrumauctions.sats.core.model.gsvm.GSVMBidder"
}