{
  "bidderPosition": 2,
  "values": {
    "4": 22.090973820113500636352910078130662441253662109375,
    "5": 5.01825960010010785339318317710421979427337646484375,
    "6": 32.24785167593766033178326324559748172760009765625,
    "7": 5.53855242771604583396083398838527500629425048828125,
    "14": 12.452076166353339914394382503814995288848876953125,
    "15": 7.40968914943467726885728552588261663913726806640625
  },
  "setupType": "Regional Bidder Setup",
  "population": 0,
  "id": 2,
  "worldId": 16,
  "implementation": "org.spectrumauctions.sats.core.model.gsvm.GSVMBidder"
}