{
  "bidderPosition": 3,
  "values": {
    "16": 15.9420831490943566421947252820245921611785888671875,
    "6": 29.442291253718689603147140587680041790008544921875,
    "7": 34.3198905508196361324735335074365139007568359375,
    "8": 11.118848461983507291961359442211687564849853515625,
    "9": 3.468705424673732551354987663216888904571533203125,
    "15": 17.7044860121298626154384692199528217315673828125
  },
  "setupType": "Regional Bidder Setup",
  "population": 0,
  "id": 3,
  "worldId": 16,
  "implementation": "org.spectrumauctions.sats.core.model.gsvm.GSVMBidder"
}