{
  "bidderPosition": 1,
  "values": {
    "2": 4.8223165924966675532914450741373002529144287109375,
    "3": 9.69940905974846145909396000206470489501953125,
    "4": 38.48426117968811155378716648556292057037353515625,
    "5": 13.6882570785396051604720923933200538158416748046875,
    "13": 8.9161277198939554722301181755028665065765380859375,
    "14": 16.323200193676001390485907904803752899169921875
  },
  "setupType": "Regional Bidder Setup",
  "population": 0,
  "id": 1,
  "worldId": 16,
  "implementation": "org.spectrumauctions.sats.core.model.gsvm.GSVMBidder"
}