{
  "bidderPosition": 1,
  "values": {
    "2": 15.9934198745659159612841904163360595703125,
    "3": 12.79715198974304968260184978134930133819580078125,
    "4": 24.01631769260611548588713048957288265228271484375,
    "5": 4.09051134097420554525115221622399985790252685546875,
    "13": 16.45236923480728563617958570830523967742919921875,
    "14": 18.04131439745018639086993061937391757965087890625
  },
  "setupType": "Regional Bidder Setup",
  "population": 0,
  "id": 1,
  "worldId": 35,
  "implementation": "org.spectrumauctions.sats.core.model.gsvm.GSVMBidder"
}