{
  "bidderPosition": 3,
  "values": {
    "16": 0.726787628592895362800163638894446194171905517578125,
    "6": 29.3412929547408651842488325200974941253662109375,
    "7": 26.9844684888474972694893949665129184722900390625,
    "8": 7.2260485361861466202526571578346192836761474609375,
    "9": 9.5905023931299187012200491153635084629058837890625,
    "15": 11.1384500599825759792338430997915565967559814453125
  },
  "setupType": "Regional Bidder Setup",
  "population": 0,
  "id": 3,
  "worldId": 35,
  "implementation": "org.spectrumauctions.sats.core.model.gsvm.GSVMBidder"
}