{
  "bidderPosition": 0,
  "values": {
    "0": 11.4750408217493689022603575722314417362213134765625,
    "1": 1.6865081130161030387171194888651371002197265625,
    "2": 18.06421190154252798265588353388011455535888671875,
    "3": 3.05641290116314134905906030326150357723236083984375,
    "12": 12.211136348618008895527964341454207897186279296875,
    "13": 10.8973385320169580126048458623699843883514404296875
  },
  "setupType": "Regional Bidder Setup",
  "population": 0,
  "id": 0,
  "worldId": 35,
  "implementation": "org.spectrumauctions.sats.core.model.gsvm.GSVMBidder"
}