{
  "bidderPosition": 4,
  "values": {
    "16": 9.7213641682405835808822303079068660736083984375,
    "17": 11.6543031597813069311087019741535186767578125,
    "8": 3.598241724591704215896470486768521368503570556640625,
    "9": 6.408337722218835352805399452336132526397705078125,
    "10": 15.039142398189841998146221158094704151153564453125,
    "11": 18.23380229011959130502873449586331844329833984375
  },
  "setupType": "Regional Bidder Setup",
  "population": 0,
  "id": 4,
  "worldId": 35,
  "implementation": "org.spectrumauctions.sats.core.model.gsvm.GSVMBidder"
}