{
  "bidderPosition": 5,
  "values": {
    "0": 12.263758869972928522429356235079467296600341796875,
    "1": 19.036817618714650279798661358654499053955078125,
    "17": 6.6873084062613497025040487642399966716766357421875,
    "10": 5.865152467629794585946001461707055568695068359375,
    "11": 18.98533535833441732165738358162343502044677734375,
    "12": 11.7791638607962294571507300133816897869110107421875
  },
  "setupType": "Regional Bidder Setup",
  "population": 0,
  "id": 5,
  "worldId": 35,
  "implementation": "org.spectrumauctions.sats.core.model.gsvm.GSVMBidder"
}