{
  "bidderPosition": -1,
  "values": {
    "0": 9.3191028223967418142592578078620135784149169921875,
    "1": 1.2020683505669060853193741422728635370731353759765625,
    "2": 2.44962829181765062713793668081052601337432861328125,
    "3": 1.49199884414594752257698928588069975376129150390625,
    "4": 4.66067767735868443423896678723394870758056640625,
    "5": 19.709210419052624274627305567264556884765625,
    "6": 11.663692017436478209901906666345894336700439453125,
    "7": 12.4791309416534801357556716538965702056884765625,
    "8": 6.23247023821888657124645760632120072841644287109375,
    "9": 2.93523948598637840490255257464013993740081787109375,
    "10": 2.214184319178558180141180855571292340755462646484375,
    "11": 8.036898887693467941062408499419689178466796875
  },
  "setupType": "National Bidder Setup",
  "population": 0,
  "id": 6,
  "worldId": 35,
  "implementation": "org.spectrumauctions.sats.core.model.gsvm.GSVMBidder"
}