{
  "bidderPosition": 2,
  "values": {
    "4": 28.5593139221360132751215132884681224822998046875,
    "5": 30.8996277764383791009095148183405399322509765625,
    "6": 33.20390530261945372103582485578954219818115234375,
    "7": 35.93134385491174498383770696818828582763671875,
    "14": 18.768734890465633924350186134688556194305419921875,
    "15": 7.9040178938258147667283992632292211055755615234375
  },
  "setupType": "Regional Bidder Setup",
  "population": 0,
  "id": 2,
  "worldId": 35,
  "implementation": "org.spectrumauctions.sats.core.model.gsvm.GSVMBidder"
}