{
  "bidderPosition": 3,
  "values": {
    "16": 15.9332296319767063863537259749136865139007568359375,
    "6": 3.48975333060334680368441695463843643665313720703125,
    "7": 21.7744945319333709221609751693904399871826171875,
    "8": 14.049795342076830451105706742964684963226318359375,
    "9": 11.8206371580889708639006130397319793701171875,
    "15": 18.595309238718296995784839964471757411956787109375
  },
  "setupType": "Regional Bidder Setup",
  "population": 0,
  "id": 3,
  "worldId": 8,
  "implementation": "org.spectrumauctions.sats.core.model.gsvm.GSVMBidder"
}