{
  "bidderPosition": 4,
  "values": {
    "16": 15.0739784667208649437952772132121026515960693359375,
    "17": 9.86441766481565451840651803649961948394775390625,
    "8": 10.35670891428180340199105557985603809356689453125,
    "9": 18.673509127542303076552343554794788360595703125,
    "10": 7.95547325267441607365981326438486576080322265625,
    "11": 13.837923674217076808190540759824216365814208984375
  },
  "setupType": "Regional Bidder Setup",
  "population": 0,
  "id": 4,
  "worldId": 8,
  "implementation": "org.spectrumauctions.sats.core.model.gsvm.GSVMBidder"
}