{
  "bidderPosition": 5,
  "values": {
    "0": 13.99782882025698427241877652704715728759765625,
    "1": 16.639538154205862241497015929780900478363037109375,
    "17": 13.475630367686026289675282896496355533599853515625,
    "10": 17.73881048975612628737508202902972698211669921875,
    "11": 16.37918803512447851744582294486463069915771484375,
    "12": 7.40334881368621466890544979833066463470458984375
  },
  "setupType": "Regional Bidder Setup",
  "population": 0,
  "id": 5,
  "worldId": 8,
  "implementation": "org.spectrumauctions.sats.core.model.gsvm.GSVMBidder"
}