{
  "bidderPosition": 0,
  "values": {
    "0": 10.8898877905218167683187857619486749172210693359375,
    "1": 6.06658990587382707104779910878278315067291259765625,
    "2": 12.308813427422034436631292919628322124481201171875,
    "3": 9.627864704610583856947414460591971874237060546875,
    "12": 6.26940598675098925696147489361464977264404296875,
    "13": 13.5643951961033497610742415417917072772979736328125
  },
  "setupType": "Regional Bidder Setup",
  "population": 0,
  "id": 0,
  "worldId": 8,
  "implementation": "org.spectrumauctions.sats.core.model.gsvm.GSVMBidder"
}