{
  "bidderPosition": 1,
  "values": {
    "2": 8.14565125780166710001140017993748188018798828125,
    "3": 13.98261759448457297594359260983765125274658203125,
    "4": 7.9578198685573564574724514386616647243499755859375,
    "5": 23.464576687621132577987737022340297698974609375,
    "13": 1.23111766854825166461750995949842035770416259765625,
    "14": 17.514138364770939659820214728824794292449951171875
  },
  "setupType": "Regional Bidder Setup",
  "population": 0,
  "id": 1,
  "worldId": 8,
  "implementation": "org.spectrumauctions.sats.core.model.gsvm.GSVMBidder"
}