{
  "bidderPosition": -1,
  "values": {
    "0": 0.3007874178039171564336129449657164514064788818359375,
    "1": 1.713601801292654602804077512701041996479034423828125,
    "2": 3.1008658337594798837244525202549993991851806640625,
    "3": 9.092693020670697734431087155826389789581298828125,
    "4": 9.3450471154371683724093600176274776458740234375,
    "5": 7.6527203100596370433095216867513954639434814453125,
    "6": 14.240470644833823854469301295466721057891845703125,
    "7": 7.35067289175236737719387747347354888916015625,
    "8": 9.6144018833821949243656490580178797245025634765625,
    "9": 4.9021449384088473522069762111641466617584228515625,
    "10": 5.654940785525273128087064833380281925201416015625,
    "11": 5.038948695684890566326430416665971279144287109375
  },
  "setupType": "National Bidder Setup",
  "population": 0,
  "id": 6,
  "worldId": 8,
  "implementation": "org.spectrumauctions.sats.core.model.gsvm.GSVMBidder"
}