{
  "bidderPosition": 2,
  "values": {
    "4": 29.493630108550547674894914962351322174072265625,
    "5": 24.2682335842424663496785797178745269775390625,
    "6": 13.20733889183680531687059556134045124053955078125,
    "7": 10.1497101564077585322820596047677099704742431640625,
    "14": 4.9360795715796452753920675604604184627532958984375,
    "15": 3.494276022026057137992438583751209080219268798828125
  },
  "setupType": "Regional Bidder Setup",
  "population": 0,
  "id": 2,
  "worldId": 8,
  "implementation": "org.spectrumauctions.sats.core.model.gsvm.GSVMBidder"
}