{
  "bidderPosition": 1,
  "values": {
    "2": 6.22744159137974317985708694322966039180755615234375,
    "3": 1.2860873149503770918045120197348296642303466796875,
    "4": 23.739209518879352600606580381281673908233642578125,
    "5": 36.340671649766392192759667523205280303955078125,
    "13": 8.713434473470197616506993654184043407440185546875,
    "14": 9.711914608281485783436437486670911312103271484375
  },
  "setupType": "Regional Bidder Setup",
  "population": 0,
  "id": 1,
  "worldId": 5,
  "implementation": "org.spectrumauctions.sats.core.model.gsvm.GSVMBidder"
}