{
  "bidderPosition": 2,
  "values": {
    "4": 20.356948253540064541766696493141353130340576171875,
    "5": 5.38934430402908670743045149720273911952972412109375,
    "6": 25.96780716334840377612636075355112552642822265625,
    "7": 15.80839637408740117052730056457221508026123046875,
    "14": 11.5577330720835664834567069192416965961456298828125,
    "15": 10.718470497001217012211782275699079036712646484375
  },
  "setupType": "Regional Bidder Setup",
  "population": 0,
  "id": 2,
  "worldId": 5,
  "implementation": "org.spectrumauctions.sats.core.model.gsvm.GSVMBidder"
}