{
  "bidderPosition": -1,
  "values": {
    "0": 1.101123381386426292039004692924208939075469970703125,
    "1": 1.5678331881032392391972507539321668446063995361328125,
    "2": 0.6088995857035761627429337750072591006755828857421875,
    "3": 4.87204988852360632023419384495355188846588134765625,
    "4": 13.862010964730362871932811685837805271148681640625,
    "5": 14.03398500626007461278277332894504070281982421875,
    "6": 1.5942714644007960345106766908429563045501708984375,
    "7": 7.497381658172326268640972557477653026580810546875,
    "8": 4.74778359245746539585297796293161809444427490234375,
    "9": 0.7076843844235580771595550686470232903957366943359375,
    "10": 6.64173020412102044218727314728312194347381591796875,
    "11": 3.28809586829839162192001822404563426971435546875
  },
  "setupType": "National Bidder Setup",
  "population": 0,
  "id": 6,
  "worldId": 5,
  "implementation": "org.spectrumauctions.sats.core.model.gsvm.GSVMBidder"
}