{
  "bidderPosition": 5,
  "values": {
    "0": 9.3476366540442707986358072957955300807952880859375,
    "1": 8.98788892471403499939697212539613246917724609375,
    "17": 18.7141515714368864564676187001168727874755859375,
    "10": 6.433753748676547701279559987597167491912841796875,
    "11": 3.60549643159634225497711668140254914760589599609375,
    "12": 16.29800344888783314445390715263783931732177734375
  },
  "setupType": "Regional Bidder Setup",
  "population": 0,
  "id": 5,
  "worldId": 5,
  "implementation": "org.spectrumauctions.sats.core.model.gsvm.GSVMBidder"
}