{
  "bidderPosition": 3,
  "values": {
    "16": 1.51373737206513592212786534219048917293548583984375,
    "6": 1.5704878530927768309766179299913346767425537109375,
    "7": 1.24327255325809016284210883895866572856903076171875,
    "8": 13.3120499875304165726674909819848835468292236328125,
    "9": 6.346526961575388980918432935141026973724365234375,
    "15": 8.150565199453122744444044656120240688323974609375
  },
  "setupType": "Regional Bidder Setup",
  "population": 0,
  "id": 3,
  "worldId": 5,
  "implementation": "org.spectrumauctions.sats.core.model.gsvm.GSVMBidder"
}