{
  "bidderPosition": 4,
  "values": {
    "16": 15.6334793627853514408343471586704254150390625,
    "17": 9.02077623465540767710990621708333492279052734375,
    "8": 12.2112146239293810623394165304489433765411376953125,
    "9": 17.626977371565789809437774238176643848419189453125,
    "10": 13.706255922169940930643861065618693828582763671875,
    "11": 0.0884247992315589925738095189444720745086669921875
  },
  "setupType": "Regional Bidder Setup",
  "population": 0,
  "id": 4,
  "worldId": 5,
  "implementation": "org.spectrumauctions.sats.core.model.gsvm.GSVMBidder"
}