{
  "bidderPosition": 0,
  "values": {
    "0": 1.852015548926659871398214818327687680721282958984375,
    "1": 3.63735177453184288509646648890338838100433349609375,
    "2": 13.444086589849366220050796982832252979278564453125,
    "3": 2.94262118801035921222819524700753390789031982421875,
    "12": 19.895758569448684482949829543940722942352294921875,
    "13": 19.04114326421797187549600494094192981719970703125
  },
  "setupType": "Regional Bidder Setup",
  "population": 0,
  "id": 0,
  "worldId": 5,
  "implementation": "org.spectrumauctions.sats.core.model.gsvm.GSVMBidder"
}