{
  "bidderPosition": 4,
  "values": {
    "16": 13.6715848619273732111878416617400944232940673828125,
    "17": 12.622071393334824307430608314462006092071533203125,
    "8": 14.3047637787984900370474861119873821735382080078125,
    "9": 18.432850019180651912620305665768682956695556640625,
    "10": 14.787824095752032604877967969514429569244384765625,
    "11": 3.91233987619788337042336934246122837066650390625
  },
  "setupType": "Regional Bidder Setup",
  "population": 0,
  "id": 4,
  "worldId": 28,
  "implementation": "org.spectrumauctions.sats.core.model.gsvm.GSVMBidder"
}