{
  "bidderPosition": 5,
  "values": {
    "0": 7.865750763126666100788497715257108211517333984375,
    "1": 10.4620467159082597419228477519936859607696533203125,
    "17": 3.9268071602835430411460038158111274242401123046875,
    "10": 10.568145690553176763160081463865935802459716796875,
    "11": 12.066804220216535981080596684478223323822021484375,
    "12": 19.24361612934233534133454668335616588592529296875
  },
  "setupType": "Regional Bidder Setup",
  "population": 0,
  "id": 5,
  "worldId": 28,
  "implementation": "org.spectrumauctions.sats.core.model.gsvm.GSVMBidder"
}