{
  "bidderPosition": -1,
  "values": {
    "0": 8.3291248331604226251556610804982483386993408203125,
    "1": 1.7256999589512733717100445574033074080944061279296875,
    "2": 5.60622957586759440573587198741734027862548828125,
    "3": 3.719464777688694656632151236408390104770660400390625,
    "4": 1.692131071648004247975904945633374154567718505859375,
    "5": 8.396886021027253121928879409097135066986083984375,
    "6": 5.0047225037328058050434265169315040111541748046875,
    "7": 16.897948148808087154293389176018536090850830078125,
    "8": 6.2019431653161891659920001984573900699615478515625,
    "9": 7.09638825876536838421770880813710391521453857421875,
    "10": 6.2158533243324587402867109631188213825225830078125,
    "11": 8.955531635971322401701399940066039562225341796875
  },
  "setupType": "National Bidder Setup",
  "population": 0,
  "id": 6,
  "worldId": 28,
  "implementation": "org.spectrumauctions.sats.core.model.gsvm.GSVMBidder"
}