{
  "bidderPosition": 3,
  "values": {
    "16": 19.982637355821854185933261760510504245758056640625,
    "6": 28.09500665387332674072240479290485382080078125,
    "7": 21.02556283788454294381153886206448078155517578125,
    "8": 12.36562119874898968419074662961065769195556640625,
    "9": 10.313933340193909060644728015176951885223388671875,
    "15": 3.118108612174130822580764288431964814662933349609375
  },
  "setupType": "Regional Bidder Setup",
  "population": 0,
  "id": 3,
  "worldId": 28,
  "implementation": "org.spectrumauctions.sats.core.model.gsvm.GSVMBidder"
}