{
  "bidderPosition": 0,
  "values": {
    "0": 16.693934464748597434891053126193583011627197265625,
    "1": 9.7960238766241740648865743423812091350555419921875,
    "2": 12.6659889180660467644656819174997508525848388671875,
    "3": 2.262393705006406907642713122186250984668731689453125,
    "12": 17.824225961726966716014430858194828033447265625,
    "13": 8.291349776984564101667274371720850467681884765625
  },
  "setupType": "Regional Bidder Setup",
  "population": 0,
  "id": 0,
  "worldId": 28,
  "implementation": "org.spectrumauctions.sats.core.model.gsvm.GSVMBidder"
}