{
  "bidderPosition": 2,
  "values": {
    "4": 24.697374026058756868451382615603506565093994140625,
    "5": 31.30174502745823161831140168942511081695556640625,
    "6": 12.613513626508993326069685281254351139068603515625,
    "7": 7.57842885757030959581470597186125814914703369140625,
    "14": 6.6955173723663818918794277124106884002685546875,
    "15": 5.68619271251268543210244388319551944732666015625
  },
  "setupType": "Regional Bidder Setup",
  "population": 0,
  "id": 2,
  "worldId": 28,
  "implementation": "org.spectrumauctions.sats.core.model.gsvm.GSVMBidder"
}