{
  "bidderPosition": 1,
  "values": {
    "2": 2.957105297796227549866898698383010923862457275390625,
    "3": 19.664140316781729467265904531814157962799072265625,
    "4": 0.66641552124910408139157880214042961597442626953125,
    "5": 15.3531500167107726184667626512236893177032470703125,
    "13": 7.98212515599669103494306909851729869842529296875,
    "14": 2.64283585226327222272857397911138832569122314453125
  },
  "setupType": "Regional Bidder Setup",
  "population": 0,
  "id": 1,
  "worldId": 28,
  "implementation": "org.spectrumauctions.sats.core.model.gsvm.GSVMBidder"
}