{
  "bidderPosition": 2,
  "values": {
    "4": 16.366905757071311455774775822646915912628173828125,
    "5": 19.76446581856421147449509589932858943939208984375,
    "6": 34.11078108151460952512934454716742038726806640625,
    "7": 1.83832009384497840898120557540096342563629150390625,
    "14": 12.6944074872107943718901879037730395793914794921875,
    "15": 14.960215101079892718871633405797183513641357421875
  },
  "setupType": "Regional Bidder Setup",
  "population": 0,
  "id": 2,
  "worldId": 32,
  "implementation": "org.spectrumauctions.sats.core.model.gsvm.GSVMBidder"
}