{
  "bidderPosition": 0,
  "values": {
    "0": 2.597953461129594021628008704283274710178375244140625,
    "1": 2.684186649380910782980436124489642679691314697265625,
    "2": 1.745149058298605115879809090984053909778594970703125,
    "3": 6.38507428580175684373898548074066638946533203125,
    "12": 13.101002232734714425532729364931583404541015625,
    "13": 2.224807863434203891728202506783418357372283935546875
  },
  "setupType": "Regional Bidder Setup",
  "population": 0,
  "id": 0,
  "worldId": 32,
  "implementation": "org.spectrumauctions.sats.core.model.gsvm.GSVMBidder"
}