{
  "bidderPosition": 1,
  "values": {
    "2": 16.73393994122478289909849991090595722198486328125,
    "3": 15.54833729516764151412644423544406890869140625,
    "4": 17.44577291438150012936603161506354808807373046875,
    "5": 24.804031057916841263022433849982917308807373046875,
    "13": 18.475253035003778023792619933374226093292236328125,
    "14": 3.210431009482117570286163754644803702831268310546875
  },
  "setupType": "Regional Bidder Setup",
  "population": 0,
  "id": 1,
  "worldId": 32,
  "implementation": "org.spectrumauctions.sats.core.model.gsvm.GSVMBidder"
}