{
  "bidderPosition": -1,
  "values": {
    "0": 1.178446160888622085138877082499675452709197998046875,
    "1": 2.9485235548334198796283089905045926570892333984375,
    "2": 7.3284664452714469717875545029528439044952392578125,
    "3": 7.42444511979850307881179105606861412525177001953125,
    "4": 9.342109850524042968800131347961723804473876953125,
    "5": 9.176480983168826099927173345349729061126708984375,
    "6": 19.82882128542319577491070958785712718963623046875,
    "7": 15.2986381996262092997085346723906695842742919921875,
    "8": 1.165169148225346784641942576854489743709564208984375,
    "9": 8.543734815127464798933942802250385284423828125,
    "10": 8.710873619912863574654693366028368473052978515625,
    "11": 8.8261885852679728969860661891289055347442626953125
  },
  "setupType": "National Bidder Setup",
  "population": 0,
  "id": 6,
  "worldId": 32,
  "implementation": "org.spectrumauctions.sats.core.model.gsvm.GSVMBidder"
}