{
  "bidderPosition": 3,
  "values": {
    "16": 2.72525179766220926325104301213286817073822021484375,
    "6": 1.3178976334759706645627375110052525997161865234375,
    "7": 23.259638782583284211114005302079021930694580078125,
    "8": 11.7728683760605701280610446701757609844207763671875,
    "9": 13.91535713483546743418628466315567493438720703125,
    "15": 3.1080353466561927433531309361569583415985107421875
  },
  "setupType": "Regional Bidder Setup",
  "population": 0,
  "id": 3,
  "worldId": 32,
  "implementation": "org.spectrumauctions.sats.core.model.gsvm.GSVMBidder"
}