{
  "bidderPosition": 5,
  "values": {
    "0": 5.5686158903880222936777499853633344173431396484375,
    "1": 8.8583714143213843072999225114472210407257080078125,
    "17": 19.430969304305460099158153752796351909637451171875,
    "10": 6.4702281275714579322766439872793853282928466796875,
    "11": 5.133594445529208627476691617630422115325927734375,
    "12": 8.7879132962878454549127127393148839473724365234375
  },
  "setupType": "Regional Bidder Setup",
  "population": 0,
  "id": 5,
  "worldId": 32,
  "implementation": "org.spectrumauctions.sats.core.model.gsvm.GSVMBidder"
}