{
  "bidderPosition": 4,
  "values": {
    "16": 14.6526671046639567208558219135738909244537353515625,
    "17": 18.576873158668728791553803603164851665496826171875,
    "8": 14.4471554555106873607428497052751481533050537109375,
    "9": 12.85215247329599463910199119709432125091552734375,
    "10": 17.7100506011728526800652616657316684722900390625,
    "11": 15.0166582814884126406695941113866865634918212890625
  },
  "setupType": "Regional Bidder Setup",
  "population": 0,
  "id": 4,
  "worldId": 32,
  "implementation": "org.spectrumauctions.sats.core.model.gsvm.GSVMBidder"
}