{
  "bidderPosition": -1,
  "values": {
    "0": 1.6902879965867689815439689482445828616619110107421875,
    "1": 5.4962683107666858717266222811304032802581787109375,
    "2": 7.494818955440702978876288398168981075286865234375,
    "3": 9.567729399423882341579883359372615814208984375,
    "4": 6.86344808638066350425788186839781701564788818359375,
    "5": 11.69315379094097551160302828066051006317138671875,
    "6": 8.767962218181917677384262788109481334686279296875,
    "7": 19.61684570948870032225386239588260650634765625,
    "8": 8.175659234843241307544303708709776401519775390625,
    "9": 4.03287291075781073601547177531756460666656494140625,
    "10": 4.17148068136302452302288656937889754772186279296875,
    "11": 3.12526202566190658416189762647263705730438232421875
  },
  "setupType": "National Bidder Setup",
  "population": 0,
  "id": 6,
  "worldId": 22,
  "implementation": "org.spectrumauctions.sats.core.model.gsvm.GSVMBidder"
}