{
  "bidderPosition": 5,
  "values": {
    "0": 1.563336163637376596824424268561415374279022216796875,
    "1": 9.056762220081768788304543704725801944732666015625,
    "17": 13.119459341404681396170417428947985172271728515625,
    "10": 0.9522794683635193990767220384441316127777099609375,
    "11": 16.797705153755966733797322376631200313568115234375,
    "12": 7.664994424982349841002360335551202297210693359375
  },
  "setupType": "Regional Bidder Setup",
  "population": 0,
  "id": 5,
  "worldId": 22,
  "implementation": "org.spectrumauctions.sats.core.model.gsvm.GSVMBidder"
}