{
  "bidderPosition": 0,
  "values": {
    "0": 15.175590896773766047544995672069489955902099609375,
    "1": 5.80454069403707695329330817912705242633819580078125,
    "2": 2.859131525230449444308078454923816025257110595703125,
    "3": 8.689583297893562985336757265031337738037109375,
    "12": 6.42293372172324961155709388549439609050750732421875,
    "13": 12.864361733945305132920111645944416522979736328125
  },
  "setupType": "Regional Bidder Setup",
  "population": 0,
  "id": 0,
  "worldId": 22,
  "implementation": "org.spectrumauctions.sats.core.model.gsvm.GSVMBidder"
}