{
  "bidderPosition": 3,
  "values": {
    "16": 11.658828963724459981676773168146610260009765625,
    "6": 26.714504386535228519505835720337927341461181640625,
    "7": 20.047899951736898316312363022007048130035400390625,
    "8": 4.6249322415445508482889636070467531681060791015625,
    "9": 12.38347303691883638521176180802285671234130859375,
    "15": 9.3841871323501901969166283379308879375457763671875
  },
  "setupType": "Regional Bidder Setup",
  "population": 0,
  "id": 3,
  "worldId": 22,
  "implementation": "org.spectrumauctions.sats.core.model.gsvm.GSVMBidder"
}