{
  "bidderPosition": 1,
  "values": {
    "2": 16.774610833043738011838286183774471282958984375,
    "3": 14.9890563719140583742728267679922282695770263671875,
    "4": 12.51671700454033953064936213195323944091796875,
    "5": 16.213199604495940775450435467064380645751953125,
    "13": 12.9235822782183458201643588836304843425750732421875,
    "14": 19.981346392342270945619020494632422924041748046875
  },
  "setupType": "Regional Bidder Setup",
  "population": 0,
  "id": 1,
  "worldId": 22,
  "implementation": "org.spectrumauctions.sats.core.model.gsvm.GSVMBidder"
}