{
  "bidderPosition": 4,
  "values": {
    "16": 3.169166980261353128156542879878543317317962646484375,
    "17": 8.690120053922893106346236891113221645355224609375,
    "8": 16.78470261178483013964068959467113018035888671875,
    "9": 4.7316086090981546163902748958207666873931884765625,
    "10": 3.26049919965381906905577125144191086292266845703125,
    "11": 7.1111872780382867631487897597253322601318359375
  },
  "setupType": "Regional Bidder Setup",
  "population": 0,
  "id": 4,
  "worldId": 22,
  "implementation": "org.spectrumauctions.sats.core.model.gsvm.GSVMBidder"
}