{
  "bidderPosition": 2,
  "values": {
    "4": 0.237371880523848943767006858251988887786865234375,
    "5": 5.68712611422099723057499431888572871685028076171875,
    "6": 14.89030726342061683453721343539655208587646484375,
    "7": 32.25324459193456760885965195484459400177001953125,
    "14": 13.572677412857441225924048922024667263031005859375,
    "15": 0.936424024460169590611258172430098056793212890625
  },
  "setupType": "Regional Bidder Setup",
  "population": 0,
  "id": 2,
  "worldId": 22,
  "implementation": "org.spectrumauctions.sats.core.model.gsvm.GSVMBidder"
}