{
  "bidderPosition": 1,
  "values": {
    "2": 9.257258088905235382526370813138782978057861328125,
    "3": 18.775996110462731536472347215749323368072509765625,
    "4": 19.21776499442257346572660026140511035919189453125,
    "5": 27.43031799168489470730492030270397663116455078125,
    "13": 11.7830727957986081122498944750986993312835693359375,
    "14": 7.4578205547417670828735936083830893039703369140625
  },
  "setupType": "Regional Bidder Setup",
  "population": 0,
  "id": 1,
  "worldId": 27,
  "implementation": "org.spectrumauctions.sats.core.model.gsvm.GSVMBidder"
}