{
  "bidderPosition": 2,
  "values": {
    "4": 12.8867407197045924505118819070048630237579345703125,
    "5": 25.82017024629256951584466150961816310882568359375,
    "6": 16.5177138845993312088467064313590526580810546875,
    "7": 3.01831688736993175581346804392524063587188720703125,
    "14": 4.2102263162876436553005987661890685558319091796875,
    "15": 14.05608827721210474237523158080875873565673828125
  },
  "setupType": "Regional Bidder Setup",
  "population": 0,
  "id": 2,
  "worldId": 27,
  "implementation": "org.spectrumauctions.sats.core.model.gsvm.GSVMBidder"
}