{
  "bidderPosition": -1,
  "values": {
    "0": 9.6633864870372594424452472594566643238067626953125,
    "1": 3.53405588316695418171775600058026611804962158203125,
    "2": 7.19436438718822302007538382895290851593017578125,
    "3": 2.726218679308392012217154842801392078399658203125,
    "4": 13.07144202091323137437939294613897800445556640625,
    "5": 10.412393481596819100332140806131064891815185546875,
    "6": 9.665014195697239074434037320315837860107421875,
    "7": 9.988125484698233691460700356401503086090087890625,
    "8": 8.0797292554575133038952117203734815120697021484375,
    "9": 6.7717804703572195279548395774327218532562255859375,
    "10": 6.34382965218294270215437791193835437297821044921875,
    "11": 3.68716768005888706483119676704518496990203857421875
  },
  "setupType": "National Bidder Setup",
  "population": 0,
  "id": 6,
  "worldId": 27,
  "implementation": "org.spectrumauctions.sats.core.model.gsvm.GSVMBidder"
}