{
  "bidderPosition": 4,
  "values": {
    "16": 3.905845197584196792917055063298903405666351318359375,
    "17": 19.0629539514077492867727414704859256744384765625,
    "8": 3.809071915302582045370627383817918598651885986328125,
    "9": 16.666446212656776282301507308147847652435302734375,
    "10": 15.984868308091339628163041197694838047027587890625,
    "11": 12.737311351333314490830161958001554012298583984375
  },
  "setupType": "Regional Bidder Setup",
  "population": 0,
  "id": 4,
  "worldId": 27,
  "implementation": "org.spectrumauctions.sats.core.model.gsvm.GSVMBidder"
}