{
  "bidderPosition": 0,
  "values": {
    "0": 8.4632378441873274965701057226397097110748291015625,
    "1": 11.488404939341702259980593225918710231781005859375,
    "2": 18.622604761425552766240798518992960453033447265625,
    "3": 18.738048128028964356417418457567691802978515625,
    "12": 1.415072501504763824442534314584918320178985595703125,
    "13": 7.5568771512633521325597030227072536945343017578125
  },
  "setupType": "Regional Bidder Setup",
  "population": 0,
  "id": 0,
  "worldId": 27,
  "implementation": "org.spectrumauctions.sats.core.model.gsvm.GSVMBidder"
}