{
  "bidderPosition": 5,
  "values": {
    "0": 12.1979471616725305693762493319809436798095703125,
    "1": 0.27659361591641395961005400749854743480682373046875,
    "17": 8.9947460730090682545778690837323665618896484375,
    "10": 13.75586078156700153840574785135686397552490234375,
    "11": 0.815064477079712190743521205149590969085693359375,
    "12": 14.5911274148870244715681110392324626445770263671875
  },
  "setupType": "Regional Bidder Setup",
  "population": 0,
  "id": 5,
  "worldId": 27,
  "implementation": "org.spectrumauctions.sats.core.model.gsvm.GSVMBidder"
}