{
  "bidderPosition": 3,
  "values": {
    "16": 17.8347904284403711017148452810943126678466796875,
    "6": 15.73854542108652054821504862047731876373291015625,
    "7": 28.6902749188712959949043579399585723876953125,
    "8": 7.84079763894184367245543398894369602203369140625,
    "9": 1.695977657459533105566151789389550685882568359375,
    "15": 5.8798561138331191244787987670861184597015380859375
  },
  "setupType": "Regional Bidder Setup",
  "population": 0,
  "id": 3,
  "worldId": 27,
  "implementation": "org.spectrumauctions.sats.core.model.gsvm.GSVMBidder"
}