{
  "bidderPosition": 2,
  "values": {
    "4": 34.1958750338915109523441060446202754974365234375,
    "5": 4.15865615251291398379862584988586604595184326171875,
    "6": 18.422219426394331520668856683187186717987060546875,
    "7": 0.0406264828581814896324431174434721469879150390625,
    "14": 16.19769253399892505740353954024612903594970703125,
    "15": 12.760572823034323164392844773828983306884765625
  },
  "setupType": "Regional Bidder Setup",
  "population": 0,
  "id": 2,
  "worldId": 4,
  "implementation": "org.spectrumauctions.sats.core.model.gsvm.GSVMBidder"
}