{
  "bidderPosition": 1,
  "values": {
    "2": 16.463751821552538245896357693709433078765869140625,
    "3": 8.541098907142551155402543372474610805511474609375,
    "4": 38.3538133215956094090870465151965618133544921875,
    "5": 9.9769712236078778033743219566531479358673095703125,
    "13": 16.765421185036014861680087051354348659515380859375,
    "14": 10.4172398660162883743396378122270107269287109375
  },
  "setupType": "Regional Bidder Setup",
  "population": 0,
  "id": 1,
  "worldId": 4,
  "implementation": "org.spectrumauctions.sats.core.model.gsvm.GSVMBidder"
}