{
  "bidderPosition": 0,
  "values": {
    "0": 3.277837133460328455925036905682645738124847412109375,
    "1": 16.88829470725740833358941017650067806243896484375,
    "2": 0.09682083601310953469010200933553278446197509765625,
    "3": 13.0746316166586122875514774932526051998138427734375,
    "12": 19.807045539322047034147544763982295989990234375,
    "13": 3.4303529071266058991795944166369736194610595703125
  },
  "setupType": "Regional Bidder Setup",
  "population": 0,
  "id": 0,
  "worldId": 4,
  "implementation": "org.spectrumauctions.sats.core.model.gsvm.GSVMBidder"
}