{
  "bidderPosition": -1,
  "values": {
    "0": 1.198024033131452892320112368906848132610321044921875,
    "1": 7.0577707821891610961984042660333216190338134765625,
    "2": 4.406368322522741465263607096858322620391845703125,
    "3": 5.69042616829848046933193472796119749546051025390625,
    "4": 1.77581123268383489488542181788943707942962646484375,
    "5": 8.17976576919794950981668080203235149383544921875,
    "6": 6.17785924450060264234707574360072612762451171875,
    "7": 14.3683377358861577022253186441957950592041015625,
    "8": 5.9419348680363999193332347203977406024932861328125,
    "9": 0.76020846437100164649791622650809586048126220703125,
    "10": 9.4392784028626000036865661968477070331573486328125,
    "11": 7.7559020091302297572610768838785588741302490234375
  },
  "setupType": "National Bidder Setup",
  "population": 0,
  "id": 6,
  "worldId": 4,
  "implementation": "org.spectrumauctions.sats.core.model.gsvm.GSVMBidder"
}