{
  "bidderPosition": 3,
  "values": {
    "16": 0.476152066573956034289949457161128520965576171875,
    "6": 14.5931172600624137203340069390833377838134765625,
    "7": 6.40244615349570889151209485135041177272796630859375,
    "8": 12.7502562211008001469281225581653416156768798828125,
    "9": 4.4221568160810686975992211955599486827850341796875,
    "15": 19.006524708922608368766304920427501201629638671875
  },
  "setupType": "Regional Bidder Setup",
  "population": 0,
  "id": 3,
  "worldId": 4,
  "implementation": "org.spectrumauctions.sats.core.model.gsvm.GSVMBidder"
}