{
  "bidderPosition": 5,
  "values": {
    "0": 8.9228025412623264145395296509377658367156982421875,
    "1": 9.67277277967667714619892649352550506591796875,
    "17": 4.71627186523562169639944841037504374980926513671875,
    "10": 13.508181521240626210556001751683652400970458984375,
    "11": 7.4165697634314682318290579132735729217529296875,
    "12": 16.473230590753786373170441947877407073974609375
  },
  "setupType": "Regional Bidder Setup",
  "population": 0,
  "id": 5,
  "worldId": 4,
  "implementation": "org.spectrumauctions.sats.core.model.gsvm.GSVMBidder"
}