{
  "bidderPosition": 4,
  "values": {
    "16": 8.8774609964388577765248555806465446949005126953125,
    "17": 1.919528501224754268861261152778752148151397705078125,
    "8": 19.701168762484190466466316138394176959991455078125,
    "9": 8.8002247305611529526458980399183928966522216796875,
    "10": 17.646776369734038070191672886721789836883544921875,
    "11": 6.655375772480482510218280367553234100341796875
  },
  "setupType": "Regional Bidder Setup",
  "population": 0,
  "id": 4,
  "worldId": 4,
  "implementation": "org.spectrumauctions.sats.core.model.gsvm.GSVMBidder"
}