{
  "bidderPosition": 4,
  "values": {
    "16": 7.80623511431706607055502900038845837116241455078125,
    "17": 12.0124559292404935462172943516634404659271240234375,
    "8": 10.701857188670384601891782949678599834442138671875,
    "9": 6.60793023899499676332425224245525896549224853515625,
    "10": 18.658788057521089598367325379513204097747802734375,
    "11": 5.00709303099088121058457545586861670017242431640625
  },
  "setupType": "Regional Bidder Setup",
  "population": 0,
  "id": 4,
  "worldId": 21,
  "implementation": "org.spectrumauctions.sats.core.model.gsvm.GSVMBidder"
}