{
  "bidderPosition": 5,
  "values": {
    "0": 11.8015591743454280049263616092503070831298828125,
    "1": 17.61745139755426947658634162507951259613037109375,
    "17": 5.0173445821897306728942567133344709873199462890625,
    "10": 18.635143535680331439152723760344088077545166015625,
    "11": 2.210460353699474911337574667413718998432159423828125,
    "12": 17.371772825929301831138218403793871402740478515625
  },
  "setupType": "Regional Bidder Setup",
  "population": 0,
  "id": 5,
  "worldId": 21,
  "implementation": "org.spectrumauctions.sats.core.model.gsvm.GSVMBidder"
}