{
  "bidderPosition": 0,
  "values": {
    "0": 19.139413349257868190989029244519770145416259765625,
    "1": 15.7637924675137082175524483318440616130828857421875,
    "2": 3.056854793951606641400076114223338663578033447265625,
    "3": 0.49531603865776929751518764533102512359619140625,
    "12": 8.49083214601352409545143018476665019989013671875,
    "13": 4.50969028891832213190582479001022875308990478515625
  },
  "setupType": "Regional Bidder Setup",
  "population": 0,
  "id": 0,
  "worldId": 21,
  "implementation": "org.spectrumauctions.sats.core.model.gsvm.GSVMBidder"
}