{
  "bidderPosition": -1,
  "values": {
    "0": 8.8650593434409632465076356311328709125518798828125,
    "1": 5.92054142585202836102098444825969636440277099609375,
    "2": 0.6404589735053389798480338868102990090847015380859375,
    "3": 1.1770767206391019588096469306037761270999908447265625,
    "4": 2.206565970976879231812972648185677826404571533203125,
    "5": 13.5594554925443215864788726321421563625335693359375,
    "6": 9.3698569669504223611511406488716602325439453125,
    "7": 9.345771702946674253098535700701177120208740234375,
    "8": 3.07531311479414792842135284445248544216156005859375,
    "9": 6.55095175652684158507099709822796285152435302734375,
    "10": 4.55542676955193570620394893921911716461181640625,
    "11": 4.38924875783297618880851587164215743541717529296875
  },
  "setupType": "National Bidder Setup",
  "population": 0,
  "id": 6,
  "worldId": 21,
  "implementation": "org.spectrumauctions.sats.core.model.gsvm.GSVMBidder"
}