{
  "bidderPosition": 2,
  "values": {
    "4": 28.543709682611794420381556847132742404937744140625,
    "5": 2.8647776077169506692143841064535081386566162109375,
    "6": 36.028202756318108868072158657014369964599609375,
    "7": 9.176990974430200509459609747864305973052978515625,
    "14": 7.64234587637730999887253346969373524188995361328125,
    "15": 16.203705217541415350979150389321148395538330078125
  },
  "setupType": "Regional Bidder Setup",
  "population": 0,
  "id": 2,
  "worldId": 21,
  "implementation": "org.spectrumauctions.sats.core.model.gsvm.GSVMBidder"
}