{
  "bidderPosition": 1,
  "values": {
    "2": 12.9027133344968891748294481658376753330230712890625,
    "3": 8.33927818839949708262793137691915035247802734375,
    "4": 13.5027984187603511401221112464554607868194580078125,
    "5": 17.26625682887500801143687567673623561859130859375,
    "13": 0.468918675719220967579303760430775582790374755859375,
    "14": 13.28122175757835776721549336798489093780517578125
  },
  "setupType": "Regional Bidder Setup",
  "population": 0,
  "id": 1,
  "worldId": 21,
  "implementation": "org.spectrumauctions.sats.core.model.gsvm.GSVMBidder"
}