{
  "bidderPosition": 3,
  "values": {
    "16": 12.27460346567956861463244422338902950286865234375,
    "6": 34.186739344697940623518661595880985260009765625,
    "7": 3.32568244706696436452375564840622246265411376953125,
    "8": 13.2641425230387444145208064583130180835723876953125,
    "9": 2.79997662194266805357756311423145234584808349609375,
    "15": 10.66934567257063548595397151075303554534912109375
  },
  "setupType": "Regional Bidder Setup",
  "population": 0,
  "id": 3,
  "worldId": 21,
  "implementation": "org.spectrumauctions.sats.core.model.gsvm.GSVMBidder"
}