{
  "bidderPosition": 0,
  "values": {
    "0": 8.223664434995573202513696742244064807891845703125,
    "1": 18.79697326426403236609985469840466976165771484375,
    "2": 5.07780085617817888987701735459268093109130859375,
    "3": 10.2575881012281797666219063103199005126953125,
    "12": 1.2377981932737558423696100362576544284820556640625,
    "13": 10.097520936701574356675337185151875019073486328125
  },
  "setupType": "Regional Bidder Setup",
  "population": 0,
  "id": 0,
  "worldId": 40,
  "implementation": "org.spectrumauctions.sats.core.model.gsvm.GSVMBidder"
}