{
  "bidderPosition": 3,
  "values": {
    "16": 13.2552619849505646243414958007633686065673828125,
    "6": 13.30510936506284025426793959923088550567626953125,
    "7": 7.25540295539553792281139976694248616695404052734375,
    "8": 5.23033947945794164269273096579127013683319091796875,
    "9": 2.35942068957601946976865292526781558990478515625,
    "15": 16.788343834812000210376936593092978000640869140625
  },
  "setupType": "Regional Bidder Setup",
  "population": 0,
  "id": 3,
  "worldId": 40,
  "implementation": "org.spectrumauctions.sats.core.model.gsvm.GSVMBidder"
}