{
  "bidderPosition": -1,
  "values": {
    "0": 3.30833696160198087454773485660552978515625,
    "1": 3.73993632350456461921339723630808293819427490234375,
    "2": 0.05662496901484015410233041620813310146331787109375,
    "3": 2.746808678543211090783415784244425594806671142578125,
    "4": 19.912969174636533153943673823960125446319580078125,
    "5": 3.84361988769557516576469424762763082981109619140625,
    "6": 9.128070221759774227621164754964411258697509765625,
    "7": 11.8696387811332737527436620439402759075164794921875,
    "8": 7.32378691987304097921196444076485931873321533203125,
    "9": 8.063520976010298824121491634286940097808837890625,
    "10": 7.94261495901258740559569559991359710693359375,
    "11": 6.34113899110370216050114322570152580738067626953125
  },
  "setupType": "National Bidder Setup",
  "population": 0,
  "id": 6,
  "worldId": 40,
  "implementation": "org.spectrumauctions.sats.core.model.gsvm.GSVMBidder"
}