{
  "bidderPosition": 1,
  "values": {
    "2": 14.5655023662803824180400624754838645458221435546875,
    "3": 17.25310422333408411077471100725233554840087890625,
    "4": 27.5292526181197985124526894651353359222412109375,
    "5": 15.622436169724235099920406355522572994232177734375,
    "13": 17.391087821346477682027398259378969669342041015625,
    "14": 11.7433006704194742297886477899737656116485595703125
  },
  "setupType": "Regional Bidder Setup",
  "population": 0,
  "id": 1,
  "worldId": 40,
  "implementation": "org.spectrumauctions.sats.core.model.gsvm.GSVMBidder"
}