{
  "bidderPosition": 5,
  "values": {
    "0": 8.1478995874408983723924393416382372379302978515625,
    "1": 3.0393356303385843375508557073771953582763671875,
    "17": 2.92456481058817718832187892985530197620391845703125,
    "10": 14.3302603066571858647648696205578744411468505859375,
    "11": 14.247983319387767409125444828532636165618896484375,
    "12": 4.81209820629084017440391107811592519283294677734375
  },
  "setupType": "Regional Bidder Setup",
  "population": 0,
  "id": 5,
  "worldId": 40,
  "implementation": "org.spectrumauctions.sats.core.model.gsvm.GSVMBidder"
}