{
  "bidderPosition": 2,
  "values": {
    "4": 2.9815785324085908314373227767646312713623046875,
    "5": 30.89803051772745590142221772111952304840087890625,
    "6": 27.180481090783064956895032082684338092803955078125,
    "7": 32.91266505867789504691245383583009243011474609375,
    "14": 6.374830769716151479542531888000667095184326171875,
    "15": 4.3890387725322650425141546293161809444427490234375
  },
  "setupType": "Regional Bidder Setup",
  "population": 0,
  "id": 2,
  "worldId": 40,
  "implementation": "org.spectrumauctions.sats.core.model.gsvm.GSVMBidder"
}