{
  "bidderPosition": 4,
  "values": {
    "16": 15.8907140096704520004777805297635495662689208984375,
    "17": 8.225235239953345711683141416870057582855224609375,
    "8": 14.9533020886809708827058784663677215576171875,
    "9": 2.79177905049078578514354376238770782947540283203125,
    "10": 7.802655418721531788150969077832996845245361328125,
    "11": 13.311733160017492849647169350646436214447021484375
  },
  "setupType": "Regional Bidder Setup",
  "population": 0,
  "id": 4,
  "worldId": 40,
  "implementation": "org.spectrumauctions.sats.core.model.gsvm.GSVMBidder"
}