{
  "bidderPosition": 0,
  "values": {
    "0": 19.157311911656744740639624069444835186004638671875,
    "1": 10.74094681492473313255686662159860134124755859375,
    "2": 17.314147387390629972969691152684390544891357421875,
    "3": 1.101187140444650491843958661775104701519012451171875,
    "12": 9.4552857578965632256995377247221767902374267578125,
    "13": 11.559848218003974551493229228071868419647216796875
  },
  "setupType": "Regional Bidder Setup",
  "population": 0,
  "id": 0,
  "worldId": 7,
  "implementation": "org.spectrumauctions.sats.core.model.gsvm.GSVMBidder"
}