{
  "bidderPosition": 3,
  "values": {
    "16": 14.943347568890100518501640181057155132293701171875,
    "6": 39.87329607814257315112627111375331878662109375,
    "7": 32.254159701062917520175687968730926513671875,
    "8": 19.872662619000639239175143302418291568756103515625,
    "9": 10.5500570798168809005801449529826641082763671875,
    "15": 10.56431834221299226328483200632035732269287109375
  },
  "setupType": "Regional Bidder Setup",
  "population": 0,
  "id": 3,
  "worldId": 7,
  "implementation": "org.spectrumauctions.sats.core.model.gsvm.GSVMBidder"
}