{
  "bidderPosition": 2,
  "values": {
    "4": 33.94625184014289942524555954150855541229248046875,
    "5": 9.636783437488073644772157422266900539398193359375,
    "6": 9.71993361691215085329531575553119182586669921875,
    "7": 8.69182631176858677690688637085258960723876953125,
    "14": 14.1292536138390829592026420868933200836181640625,
    "15": 14.565340543186874100456407177262008190155029296875
  },
  "setupType": "Regional Bidder Setup",
  "population": 0,
  "id": 2,
  "worldId": 7,
  "implementation": "org.spectrumauctions.sats.core.model.gsvm.GSVMBidder"
}