{
  "bidderPosition": 1,
  "values": {
    "2": 15.2313057235092941255061305128037929534912109375,
    "3": 7.475263208703299966373378993012011051177978515625,
    "4": 28.0123169317202922456999658606946468353271484375,
    "5": 8.471287242790896954147683572955429553985595703125,
    "13": 5.53860888933340955730955101898871362209320068359375,
    "14": 15.9883759610520836957903156871907413005828857421875
  },
  "setupType": "Regional Bidder Setup",
  "population": 0,
  "id": 1,
  "worldId": 7,
  "implementation": "org.spectrumauctions.sats.core.model.gsvm.GSVMBidder"
}