{
  "bidderPosition": 4,
  "values": {
    "16": 17.340023223012622111127711832523345947265625,
    "17": 10.395632529070599758824755554087460041046142578125,
    "8": 0.84418692392663974288780082133598625659942626953125,
    "9": 9.0254886302464303327042216551490128040313720703125,
    "10": 17.657321710544042758783689350821077823638916015625,
    "11": 16.38179763099166308393250801600515842437744140625
  },
  "setupType": "Regional Bidder Setup",
  "population": 0,
  "id": 4,
  "worldId": 7,
  "implementation": "org.spectrumauctions.sats.core.model.gsvm.GSVMBidder"
}