{
  "bidderPosition": -1,
  "values": {
    "0": 2.471084730602763901430307669215835630893707275390625,
    "1": 1.3153820599234478105898915600846521556377410888671875,
    "2": 3.24401345894289505622509750537574291229248046875,
    "3": 8.6214889836164747549673847970552742481231689453125,
    "4": 12.996627649592316089410815038718283176422119140625,
    "5": 19.18765303433968938406906090676784515380859375,
    "6": 2.432001985111906794401193110388703644275665283203125,
    "7": 11.593596176661748131664353422820568084716796875,
    "8": 2.07525808324566707341318760882131755352020263671875,
    "9": 6.23359078595540072598168990225531160831451416015625,
    "10": 8.457411852660879247878256137482821941375732421875,
    "11": 4.434229232546957888416727655567228794097900390625
  },
  "setupType": "National Bidder Setup",
  "population": 0,
  "id": 6,
  "worldId": 7,
  "implementation": "org.spectrumauctions.sats.core.model.gsvm.GSVMBidder"
}