{
  "bidderPosition": 5,
  "values": {
    "0": 6.157476429900754055779543705284595489501953125,
    "1": 19.6721169018795336569382925517857074737548828125,
    "17": 6.2232120715456229476103544584475457668304443359375,
    "10": 4.78849118871682133402600811677984893321990966796875,
    "11": 3.1537984194023049866473229485563933849334716796875,
    "12": 14.72643350758730917959837825037539005279541015625
  },
  "setupType": "Regional Bidder Setup",
  "population": 0,
  "id": 5,
  "worldId": 7,
  "implementation": "org.spectrumauctions.sats.core.model.gsvm.GSVMBidder"
}