{
  "bidderPosition": -1,
  "values": {
    "0": 7.675448106429715977583327912725508213043212890625,
    "1": 8.8169979919915686394915610435418784618377685546875,
    "2": 0.1202872677985611371553886783658526837825775146484375,
    "3": 1.879051061693399748975252805394120514392852783203125,
    "4": 6.7131830206406135630459175445139408111572265625,
    "5": 13.641092094363699516179622150957584381103515625,
    "6": 4.01038049211365876800527985324151813983917236328125,
    "7": 2.439678810499332772820935133495368063449859619140625,
    "8": 6.59644911713014625576079197344370186328887939453125,
    "9": 6.05446981510710191543012115289457142353057861328125,
    "10": 1.8931174007445628060253284274949692189693450927734375,
    "11": 9.43017039060647022097327862866222858428955078125
  },
  "setupType": "National Bidder Setup",
  "population": 0,
  "id": 6,
  "worldId": 24,
  "implementation": "org.spectrumauctions.sats.core.model.gsvm.GSVMBidder"
}