{
  "bidderPosition": 4,
  "values": {
    "16": 14.6272453018063881557964123203419148921966552734375,
    "17": 1.270794880552534866779978983686305582523345947265625,
    "8": 8.5754171265702456850021917489357292652130126953125,
    "9": 18.184382380044922911110916174948215484619140625,
    "10": 0.489497299350192260902758789598010480403900146484375,
    "11": 10.3486308608148558363382107927463948726654052734375
  },
  "setupType": "Regional Bidder Setup",
  "population": 0,
  "id": 4,
  "worldId": 24,
  "implementation": "org.spectrumauctions.sats.core.model.gsvm.GSVMBidder"
}