{
  "bidderPosition": 2,
  "values": {
    "4": 9.6395458876210060594758033403195440769195556640625,
    "5": 21.31646753386312553857351304031908512115478515625,
    "6": 5.0522818269279667902083019725978374481201171875,
    "7": 12.127233138360228537067087017931044101715087890625,
    "14": 10.194173863242752986479899846017360687255859375,
    "15": 18.58789478086583812910248525440692901611328125
  },
  "setupType": "Regional Bidder Setup",
  "population": 0,
  "id": 2,
  "worldId": 24,
  "implementation": "org.spectrumauctions.sats.core.model.gsvm.GSVMBidder"
}