{
  "bidderPosition": 3,
  "values": {
    "16": 3.34453542394033576101719518192112445831298828125,
    "6": 14.2222458900504822310040253796614706516265869140625,
    "7": 2.61742971586560457808445789851248264312744140625,
    "8": 4.9331007548040961552260341704823076725006103515625,
    "9": 15.9137031963299424575097873457707464694976806640625,
    "15": 10.3167639470201919493774767033755779266357421875
  },
  "setupType": "Regional Bidder Setup",
  "population": 0,
  "id": 3,
  "worldId": 24,
  "implementation": "org.spectrumauctions.sats.core.model.gsvm.GSVMBidder"
}