{
  "bidderPosition": 1,
  "values": {
    "2": 14.1224057467059420645227874047122895717620849609375,
    "3": 11.817210832515602447756464243866503238677978515625,
    "4": 14.514771184881606558292332920245826244354248046875,
    "5": 16.70129650827981748761885683052241802215576171875,
    "13": 14.0847254815703255559355966397561132907867431640625,
    "14": 1.262601994897127877237608117866329848766326904296875
  },
  "setupType": "Regional Bidder Setup",
  "population": 0,
  "id": 1,
  "worldId": 24,
  "implementation": "org.spectrumauctions.sats.core.model.gsvm.GSVMBidder"
}