{
  "bidderPosition": 5,
  "values": {
    "0": 18.972328099717959304371106554754078388214111328125,
    "1": 6.31340144007801740144714131020009517669677734375,
    "17": 9.255991761742425438796999515034258365631103515625,
    "10": 6.9237722879859635582988630631007254123687744140625,
    "11": 5.1044384561553073353934451006352901458740234375,
    "12": 19.930757971259883021275527426041662693023681640625
  },
  "setupType": "Regional Bidder Setup",
  "population": 0,
  "id": 5,
  "worldId": 24,
  "implementation": "org.spectrumauctions.sats.core.model.gsvm.GSVMBidder"
}