{
  "bidderPosition": 0,
  "values": {
    "0": 4.70673236348150947350177375483326613903045654296875,
    "1": 12.9747884926096030966391481342725455760955810546875,
    "2": 1.666789788563391994102858006954193115234375,
    "3": 10.5287122132980783817401970736682415008544921875,
    "12": 11.837791150282509278213183279149234294891357421875,
    "13": 6.68806765262967672924787621013820171356201171875
  },
  "setupType": "Regional Bidder Setup",
  "population": 0,
  "id": 0,
  "worldId": 24,
  "implementation": "org.spectrumauctions.sats.core.model.gsvm.GSVMBidder"
}