{
  "bidderPosition": 3,
  "values": {
    "16": 15.76623313011028670871382928453385829925537109375,
    "6": 35.58870421887085200296496623195707798004150390625,
    "7": 38.94886693449853964921203441917896270751953125,
    "8": 10.990068296466692032709033810533583164215087890625,
    "9": 0.086836635118470173466675987583585083484649658203125,
    "15": 12.2001366389364545028684005956165492534637451171875
  },
  "setupType": "Regional Bidder Setup",
  "population": 0,
  "id": 3,
  "worldId": 36,
  "implementation": "org.spectrumauctions.sats.core.model.gsvm.GSVMBidder"
}