{
  "bidderPosition": 2,
  "values": {
    "4": 3.36728421715790648960364705999381840229034423828125,
    "5": 26.3547373339291510774273774586617946624755859375,
    "6": 38.30770623999115542801519040949642658233642578125,
    "7": 17.87034501297652155926698469556868076324462890625,
    "14": 19.061630308511627873713223380036652088165283203125,
    "15": 2.63478367887245212841662578284740447998046875
  },
  "setupType": "Regional Bidder Setup",
  "population": 0,
  "id": 2,
  "worldId": 36,
  "implementation": "org.spectrumauctions.sats.core.model.gsvm.GSVMBidder"
}