{
  "bidderPosition": 0,
  "values": {
    "0": 2.91204391881710211720246661570854485034942626953125,
    "1": 7.5195417861552105165401371777988970279693603515625,
    "2": 6.908832438668166986417418229393661022186279296875,
    "3": 1.76480199443907803669162603910081088542938232421875,
    "12": 3.7244549097444323848549174726940691471099853515625,
    "13": 18.74904470814450263560502207837998867034912109375
  },
  "setupType": "Regional Bidder Setup",
  "population": 0,
  "id": 0,
  "worldId": 36,
  "implementation": "org.spectrumauctions.sats.core.model.gsvm.GSVMBidder"
}