{
  "bidderPosition": 4,
  "values": {
    "16": 8.5952140453625691662864483078010380268096923828125,
    "17": 12.0296221403144283357278254698030650615692138671875,
    "8": 11.8761692543030878965737429098226130008697509765625,
    "9": 13.153011696028389820867232629097998142242431640625,
    "10": 0.1833845539542977576275006867945194244384765625,
    "11": 0.04134308500400418751041797804646193981170654296875
  },
  "setupType": "Regional Bidder Setup",
  "population": 0,
  "id": 4,
  "worldId": 36,
  "implementation": "org.spectrumauctions.sats.core.model.gsvm.GSVMBidder"
}