{
  "bidderPosition": -1,
  "values": {
    "0": 1.1266178495299683515185051874141208827495574951171875,
    "1": 9.83043251576480514586364733986556529998779296875,
    "2": 6.7073003823293273484296150854788720607757568359375,
    "3": 2.24190284051702359846558465505950152873992919921875,
    "4": 6.823912385211794884298797114752233028411865234375,
    "5": 6.23705242157722050677648439886979758739471435546875,
    "6": 13.53694027017007073254717397503554821014404296875,
    "7": 16.612798673225455559077090583741664886474609375,
    "8": 5.7218300884147001994506354094482958316802978515625,
    "9": 7.83224084637209383430445086560212075710296630859375,
    "10": 8.086154748834314176519910688512027263641357421875,
    "11": 1.24299558622354755499372913618572056293487548828125
  },
  "setupType": "National Bidder Setup",
  "population": 0,
  "id": 6,
  "worldId": 36,
  "implementation": "org.spectrumauctions.sats.core.model.gsvm.GSVMBidder"
}