{
  "bidderPosition": 5,
  "values": {
    "0": 6.29486060820440940233311266638338565826416015625,
    "1": 13.0751400590689588199211357277818024158477783203125,
    "17": 1.660132640738749554287778664729557931423187255859375,
    "10": 5.7417646227028757976995620992965996265411376953125,
    "11": 1.347743518786466143666302741621620953083038330078125,
    "12": 17.1965783794720010746459593065083026885986328125
  },
  "setupType": "Regional Bidder Setup",
  "population": 0,
  "id": 5,
  "worldId": 36,
  "implementation": "org.spectrumauctions.sats.core.model.gsvm.GSVMBidder"
}