{
  "bidderPosition": 1,
  "values": {
    "2": 18.82614831170607061494592926464974880218505859375,
    "3": 1.893965531269963253890864507411606609821319580078125,
    "4": 35.90301776424048085800677654333412647247314453125,
    "5": 17.23349825796261569621492526493966579437255859375,
    "13": 4.34495978874521515677997740567661821842193603515625,
    "14": 0.420107094613981768560506679932586848735809326171875
  },
  "setupType": "Regional Bidder Setup",
  "population": 0,
  "id": 1,
  "worldId": 36,
  "implementation": "org.spectrumauctions.sats.core.model.gsvm.GSVMBidder"
}