{
  "bidderPosition": 4,
  "values": {
    "16": 12.6956756888317361386953052715398371219635009765625,
    "17": 2.411132329712633026730372876045294106006622314453125,
    "8": 11.5048105819929258331058008479885756969451904296875,
    "9": 5.43457977039946626973687671124935150146484375,
    "10": 6.75098120233624143793349503539502620697021484375,
    "11": 11.638891251683222805013429024256765842437744140625
  },
  "setupType": "Regional Bidder Setup",
  "population": 0,
  "id": 4,
  "worldId": 37,
  "implementation": "org.spectrumauctions.sats.core.model.gsvm.GSVMBidder"
}