{
  "bidderPosition": -1,
  "values": {
    "0": 2.62554303611480666091892999247647821903228759765625,
    "1": 2.5902982133087615324029684416018426418304443359375,
    "2": 6.93621663805953136971993444603867828845977783203125,
    "3": 7.97767192092632893007930761086754500865936279296875,
    "4": 7.809870448538458020948382909409701824188232421875,
    "5": 5.70941028509703851767653759452514350414276123046875,
    "6": 12.1471490447853920358056711847893893718719482421875,
    "7": 10.906191900852920895204078988172113895416259765625,
    "8": 6.77430091841609982594718530890531837940216064453125,
    "9": 3.70746920132286295057610914227552711963653564453125,
    "10": 2.69024123219272848217542559723369777202606201171875,
    "11": 0.749751064191652716317548765800893306732177734375
  },
  "setupType": "National Bidder Setup",
  "population": 0,
  "id": 6,
  "worldId": 37,
  "implementation": "org.spectrumauctions.sats.core.model.gsvm.GSVMBidder"
}