{
  "bidderPosition": 3,
  "values": {
    "16": 6.718171962662975005287080421112477779388427734375,
    "6": 5.8539467860147365030343280523084104061126708984375,
    "7": 5.98641245992883597182299126870930194854736328125,
    "8": 6.9314817113693010242059244774281978607177734375,
    "9": 9.172680368181023169427135144360363483428955078125,
    "15": 12.37473318178006564949100720696151256561279296875
  },
  "setupType": "Regional Bidder Setup",
  "population": 0,
  "id": 3,
  "worldId": 37,
  "implementation": "org.spectrumauctions.sats.core.model.gsvm.GSVMBidder"
}