{
  "bidderPosition": 0,
  "values": {
    "0": 10.294790065394327172043631435371935367584228515625,
    "1": 1.990979497656806262995132783544249832630157470703125,
    "2": 4.610343237265414728653922793455421924591064453125,
    "3": 14.2558188630857358702996862120926380157470703125,
    "12": 17.375918081538241466432737070135772228240966796875,
    "13": 17.933667260050466296661397791467607021331787109375
  },
  "setupType": "Regional Bidder Setup",
  "population": 0,
  "id": 0,
  "worldId": 37,
  "implementation": "org.spectrumauctions.sats.core.model.gsvm.GSVMBidder"
}