{
  "bidderPosition": 2,
  "values": {
    "4": 26.823325395239333346353305387310683727264404296875,
    "5": 38.46662059703879066319132107309997081756591796875,
    "6": 4.59917957254842857395260580233298242092132568359375,
    "7": 24.52291378432578738966185483150184154510498046875,
    "14": 7.2129479167384840110344157437793910503387451171875,
    "15": 2.616728737374496294165737708681263029575347900390625
  },
  "setupType": "Regional Bidder Setup",
  "population": 0,
  "id": 2,
  "worldId": 37,
  "implementation": "org.spectrumauctions.sats.core.model.gsvm.GSVMBidder"
}