{
  "bidderPosition": 5,
  "values": {
    "0": 11.72529137793949161050477414391934871673583984375,
    "1": 2.310681740948712370453677067416720092296600341796875,
    "17": 17.6769769993292555909647489897906780242919921875,
    "10": 12.8995778788635444556121001369319856166839599609375,
    "11": 11.5195028489387585324266183306463062763214111328125,
    "12": 2.5699918713918723511824282468296587467193603515625
  },
  "setupType": "Regional Bidder Setup",
  "population": 0,
  "id": 5,
  "worldId": 37,
  "implementation": "org.spectrumauctions.sats.core.model.gsvm.GSVMBidder"
}