{
  "bidderPosition": 1,
  "values": {
    "2": 13.8285497230100684618037121254019439220428466796875,
    "3": 14.989810471508281608521429006941616535186767578125,
    "4": 15.0724960441876465466748413746245205402374267578125,
    "5": 28.8165518237471900420132442377507686614990234375,
    "13": 12.2107335329985229321891893050633370876312255859375,
    "14": 9.9980298448401612176894559524953365325927734375
  },
  "setupType": "Regional Bidder Setup",
  "population": 0,
  "id": 1,
  "worldId": 37,
  "implementation": "org.spectrumauctions.sats.core.model.gsvm.GSVMBidder"
}