{
  "bidderPosition": -1,
  "values": {
    "0": 0.818678918806801103613679515547119081020355224609375,
    "1": 0.9356131905162368145312257183832116425037384033203125,
    "2": 9.11220239488661576388039975427091121673583984375,
    "3": 4.34284488045589167626303606084547936916351318359375,
    "4": 10.7277114634767816170324294944293797016143798828125,
    "5": 0.676940838805715205950264135026372969150543212890625,
    "6": 0.582910432885459517393655914929695427417755126953125,
    "7": 6.5501931925825847002897717175073921680450439453125,
    "8": 7.51609471548251750760982758947648108005523681640625,
    "9": 1.3042978779620983953435597868519835174083709716796875,
    "10": 3.7297554066693106022967185708694159984588623046875,
    "11": 7.1805013896141947071782851708121597766876220703125
  },
  "setupType": "National Bidder Setup",
  "population": 0,
  "id": 6,
  "worldId": 3,
  "implementation": "org.spectrumauctions.sats.core.model.gsvm.GSVMBidder"
}