{
  "bidderPosition": 5,
  "values": {
    "0": 10.896004565266363073305910802446305751800537109375,
    "1": 10.7921945684707960566584006301127374172210693359375,
    "17": 18.93168340988740538932688650675117969512939453125,
    "10": 0.722766054440120431223704144940711557865142822265625,
    "11": 18.86622574338476709954193211160600185394287109375,
    "12": 1.90071400008803959025271979044191539287567138671875
  },
  "setupType": "Regional Bidder Setup",
  "population": 0,
  "id": 5,
  "worldId": 3,
  "implementation": "org.spectrumauctions.sats.core.model.gsvm.GSVMBidder"
}