{
  "bidderPosition": 3,
  "values": {
    "16": 13.98362124533449701857534819282591342926025390625,
    "6": 15.545206998135800091631608665920794010162353515625,
    "7": 29.22444986358357965627874364145100116729736328125,
    "8": 3.226464760058223024685730706551112234592437744140625,
    "9": 9.3839374433020754651124661904759705066680908203125,
    "15": 3.645978589132194969124611816368997097015380859375
  },
  "setupType": "Regional Bidder Setup",
  "population": 0,
  "id": 3,
  "worldId": 3,
  "implementation": "org.spectrumauctions.sats.core.model.gsvm.GSVMBidder"
}