{
  "bidderPosition": 2,
  "values": {
    "4": 5.17478856049621516177694502403028309345245361328125,
    "5": 11.13871886700362523470175801776349544525146484375,
    "6": 14.993873637748738048003360745497047901153564453125,
    "7": 4.51108207812769279598796856589615345001220703125,
    "14": 15.22585037916953609737902297638356685638427734375,
    "15": 19.4500442034184146677944227121770381927490234375
  },
  "setupType": "Regional Bidder Setup",
  "population": 0,
  "id": 2,
  "worldId": 3,
  "implementation": "org.spectrumauctions.sats.core.model.gsvm.GSVMBidder"
}