{
  "bidderPosition": 4,
  "values": {
    "16": 12.502764428467447288539915462024509906768798828125,
    "17": 17.85411921704093884955000248737633228302001953125,
    "8": 4.95240405336659694768286499311216175556182861328125,
    "9": 11.9209371837408202310371052590198814868927001953125,
    "10": 1.992819548073796465104123853961937129497528076171875,
    "11": 17.429940118703967755209305323660373687744140625
  },
  "setupType": "Regional Bidder Setup",
  "population": 0,
  "id": 4,
  "worldId": 3,
  "implementation": "org.spectrumauctions.sats.core.model.gsvm.GSVMBidder"
}