{
  "bidderPosition": 1,
  "values": {
    "2": 6.91379439377066518090941826812922954559326171875,
    "3": 2.629075511337528592292756002279929816722869873046875,
    "4": 6.199742828057335231051183654926717281341552734375,
    "5": 7.9462018494114605715594734647311270236968994140625,
    "13": 17.257213516569489542007431737147271633148193359375,
    "14": 13.6452691553503910881772753782570362091064453125
  },
  "setupType": "Regional Bidder Setup",
  "population": 0,
  "id": 1,
  "worldId": 3,
  "implementation": "org.spectrumauctions.sats.core.model.gsvm.GSVMBidder"
}