{
  "bidderPosition": 0,
  "values": {
    "0": 6.890037727099464603952583274804055690765380859375,
    "1": 10.7374297196750934091369344969280064105987548828125,
    "2": 18.638506981592943390069194720126688480377197265625,
    "3": 8.0563066202912576585504211834631860256195068359375,
    "12": 19.9141026942779291175611433573067188262939453125,
    "13": 15.9192324638107578493873006664216518402099609375
  },
  "setupType": "Regional Bidder Setup",
  "population": 0,
  "id": 0,
  "worldId": 3,
  "implementation": "org.spectrumauctions.sats.core.model.gsvm.GSVMBidder"
}