{
  "bidderPosition": 1,
  "values": {
    "2": 7.9458248721488562438253211439587175846099853515625,
    "3": 9.568708014783425142013584263622760772705078125,
    "4": 20.877782672788242734895902685821056365966796875,
    "5": 22.0009828256863073647764394991099834442138671875,
    "13": 15.1785448713901853778907025116495788097381591796875,
    "14": 5.75054579223415629485316458158195018768310546875
  },
  "setupType": "Regional Bidder Setup",
  "population": 0,
  "id": 1,
  "worldId": 25,
  "implementation": "org.spectrumauctions.sats.core.model.gsvm.GSVMBidder"
}