{
  "bidderPosition": 0,
  "values": {
    "0": 18.889592472906297615509174647741019725799560546875,
    "1": 4.96034429236134943863589796819724142551422119140625,
    "2": 1.090332210671984825012259534560143947601318359375,
    "3": 5.794294876799977345172010245732963085174560546875,
    "12": 19.220106408172991763194659142754971981048583984375,
    "13": 3.872921060812368754255885505699552595615386962890625
  },
  "setupType": "Regional Bidder Setup",
  "population": 0,
  "id": 0,
  "worldId": 25,
  "implementation": "org.spectrumauctions.sats.core.model.gsvm.GSVMBidder"
}