{
  "bidderPosition": -1,
  "values": {
    "0": 7.94402970636181127161989934393204748630523681640625,
    "1": 6.7556294197479704877196127199567854404449462890625,
    "2": 9.407301650076849597326145158149302005767822265625,
    "3": 1.38875636642948219190429881564341485500335693359375,
    "4": 9.06535403833927233563372283242642879486083984375,
    "5": 3.3799522670414727798515741596929728984832763671875,
    "6": 19.5534707244381706914282403886318206787109375,
    "7": 11.619116950268818300173734314739704132080078125,
    "8": 2.45423009271806069619970003259368240833282470703125,
    "9": 9.5337634120804448656372187542729079723358154296875,
    "10": 0.114253601483931266358240463887341320514678955078125,
    "11": 8.74707192513199771610743482597172260284423828125
  },
  "setupType": "National Bidder Setup",
  "population": 0,
  "id": 6,
  "worldId": 25,
  "implementation": "org.spectrumauctions.sats.core.model.gsvm.GSVMBidder"
}