{
  "bidderPosition": 5,
  "values": {
    "0": 0.769644267392528558247022374416701495647430419921875,
    "1": 14.7902115853460554006915117497555911540985107421875,
    "17": 15.5459065820089818998894770629703998565673828125,
    "10": 18.936670301781798997353689628653228282928466796875,
    "11": 5.601524347604634357367103802971541881561279296875,
    "12": 17.847420489089355299938688403926789760589599609375
  },
  "setupType": "Regional Bidder Setup",
  "population": 0,
  "id": 5,
  "worldId": 25,
  "implementation": "org.spectrumauctions.sats.core.model.gsvm.GSVMBidder"
}