{
  "bidderPosition": 2,
  "values": {
    "4": 7.80436717552824621435547669534571468830108642578125,
    "5": 12.061387818513452430124743841588497161865234375,
    "6": 6.18529226557919198370427693589590489864349365234375,
    "7": 27.596011545586719648781581781804561614990234375,
    "14": 1.822792934176684642721966156386770308017730712890625,
    "15": 19.452140484778052353931343532167375087738037109375
  },
  "setupType": "Regional Bidder Setup",
  "population": 0,
  "id": 2,
  "worldId": 25,
  "implementation": "org.spectrumauctions.sats.core.model.gsvm.GSVMBidder"
}