{
  "bidderPosition": 4,
  "values": {
    "16": 4.4281505915787011673501183395273983478546142578125,
    "17": 6.97512975925264555598914739675819873809814453125,
    "8": 2.20556729004859786158476708806119859218597412109375,
    "9": 2.298817911235782052159493105136789381504058837890625,
    "10": 7.8281984006110949536605403409339487552642822265625,
    "11": 12.0376578087617698287203893414698541164398193359375
  },
  "setupType": "Regional Bidder Setup",
  "population": 0,
  "id": 4,
  "worldId": 25,
  "implementation": "org.spectrumauctions.sats.core.model.gsvm.GSVMBidder"
}