{
  "bidderPosition": 3,
  "values": {
    "16": 2.470472866499802133688490357599221169948577880859375,
    "6": 15.822724593858499275711437803693115711212158203125,
    "7": 29.41734951271149611784494481980800628662109375,
    "8": 4.24224819814210452051383981597609817981719970703125,
    "9": 4.737588553996349816088695661164820194244384765625,
    "15": 16.83216491420318305927139590494334697723388671875
  },
  "setupType": "Regional Bidder Setup",
  "population": 0,
  "id": 3,
  "worldId": 25,
  "implementation": "org.spectrumauctions.sats.core.model.gsvm.GSVMBidder"
}