{
  "bidderPosition": -1,
  "values": {
    "0": 6.99820991273758163941920429351739585399627685546875,
    "1": 1.6200033174371741839792093742289580404758453369140625,
    "2": 7.9474755723483045954935732879675924777984619140625,
    "3": 0.685202499132711029261599833262152969837188720703125,
    "4": 16.76443196181799777377818827517330646514892578125,
    "5": 16.706606483175534094698377884924411773681640625,
    "6": 9.4004992656852355281671407283283770084381103515625,
    "7": 4.9061726199443622675744336447678506374359130859375,
    "8": 0.9603521920207158668603142359643243253231048583984375,
    "9": 3.41244184361096625224263334530405700206756591796875,
    "10": 7.5783055122134808101463931961916387081146240234375,
    "11": 4.1279604208766755846227169968187808990478515625
  },
  "setupType": "National Bidder Setup",
  "population": 0,
  "id": 6,
  "worldId": 1,
  "implementation": "org.spectrumauctions.sats.core.model.gsvm.GSVMBidder"
}