{
  "bidderPosition": 3,
  "values": {
    "16": 1.831660544702859994004029431380331516265869140625,
    "6": 34.74168958063341250408484484069049358367919921875,
    "7": 32.9020395461503056822039070539176464080810546875,
    "8": 19.8712760472298981540006934665143489837646484375,
    "9": 1.943521872142144335526836584904231131076812744140625,
    "15": 8.8910365262784214479552247212268412113189697265625
  },
  "setupType": "Regional Bidder Setup",
  "population": 0,
  "id": 3,
  "worldId": 1,
  "implementation": "org.spectrumauctions.sats.core.model.gsvm.GSVMBidder"
}