{
  "bidderPosition": 0,
  "values": {
    "0": 16.89746278646779131804578355513513088226318359375,
    "1": 10.95662414973957510255786473862826824188232421875,
    "2": 0.741233989154370664920179478940553963184356689453125,
    "3": 8.77758482778916260258483816869556903839111328125,
    "12": 9.3759832367794277985240114503540098667144775390625,
    "13": 19.291468094088852325285188271664083003997802734375
  },
  "setupType": "Regional Bidder Setup",
  "population": 0,
  "id": 0,
  "worldId": 1,
  "implementation": "org.spectrumauctions.sats.core.model.gsvm.GSVMBidder"
}