{
  "bidderPosition": 2,
  "values": {
    "4": 2.66312361324004154283784373546950519084930419921875,
    "5": 38.83774269817632784906891174614429473876953125,
    "6": 25.678402071170975062841534963808953762054443359375,
    "7": 14.7105072776388023925164816319011151790618896484375,
    "14": 9.3249715441110598845853019156493246555328369140625,
    "15": 10.9193986994158986902903052396140992641448974609375
  },
  "setupType": "Regional Bidder Setup",
  "population": 0,
  "id": 2,
  "worldId": 1,
  "implementation": "org.spectrumauctions.sats.core.model.gsvm.GSVMBidder"
}