{
  "bidderPosition": 1,
  "values": {
    "2": 4.721591809365481395843744394369423389434814453125,
    "3": 9.126657987734613897146118688397109508514404296875,
    "4": 35.68487301769738451184821315109729766845703125,
    "5": 7.14891869044820271739126837928779423236846923828125,
    "13": 0.507210667078175081456947737024165689945220947265625,
    "14": 8.19638842870649142469119396992027759552001953125
  },
  "setupType": "Regional Bidder Setup",
  "population": 0,
  "id": 1,
  "worldId": 1,
  "implementation": "org.spectrumauctions.sats.core.model.gsvm.GSVMBidder"
}