{
  "bidderPosition": 4,
  "values": {
    "16": 6.36512230767203757153538390411995351314544677734375,
    "17": 6.38659854064961063357941384310834109783172607421875,
    "8": 19.56674998721461378181629697792232036590576171875,
    "9": 10.025737277008289538571261800825595855712890625,
    "10": 0.61033867473536673742273706011474132537841796875,
    "11": 10.9403376763058997056532462011091411113739013671875
  },
  "setupType": "Regional Bidder Setup",
  "population": 0,
  "id": 4,
  "worldId": 1,
  "implementation": "org.spectrumauctions.sats.core.model.gsvm.GSVMBidder"
}