{
  "bidderPosition": 5,
  "values": {
    "0": 4.01367115346921110585753922350704669952392578125,
    "1": 5.04848414194056971382451592944562435150146484375,
    "17": 16.854007685611588129859228502027690410614013671875,
    "10": 15.1660498378795782770112055004574358463287353515625,
    "11": 14.1508287653800035599260809249244630336761474609375,
    "12": 5.79229360183548980245404891320504248142242431640625
  },
  "setupType": "Regional Bidder Setup",
  "population": 0,
  "id": 5,
  "worldId": 1,
  "implementation": "org.spectrumauctions.sats.core.model.gsvm.GSVMBidder"
}