{
  "bidderPosition": 1,
  "values": {
    "2": 2.00574389306007905275919256382621824741363525390625,
    "3": 15.7500289070074046549052582122385501861572265625,
    "4": 27.8994218396565969442235655151307582855224609375,
    "5": 35.2511716435607951325437170453369617462158203125,
    "13": 1.701709777264148737430105029488913714885711669921875,
    "14": 8.880765728709814510466458159498870372772216796875
  },
  "setupType": "Regional Bidder Setup",
  "population": 0,
  "id": 1,
  "worldId": 23,
  "implementation": "org.spectrumauctions.sats.core.model.gsvm.GSVMBidder"
}