{
  "bidderPosition": 4,
  "values": {
    "16": 16.719893661439744647623228956945240497589111328125,
    "17": 4.1423279318603452026081868098117411136627197265625,
    "8": 0.4959894297735534252069555805064737796783447265625,
    "9": 17.690418805262186907611976494081318378448486328125,
    "10": 4.538207126023483084509280161000788211822509765625,
    "11": 19.16615346148550003135824226774275302886962890625
  },
  "setupType": "Regional Bidder Setup",
  "population": 0,
  "id": 4,
  "worldId": 23,
  "implementation": "org.spectrumauctions.sats.core.model.gsvm.GSVMBidder"
}