{
  "bidderPosition": 0,
  "values": {
    "0": 19.316999580359389909745004842989146709442138671875,
    "1": 19.685935290436116673618016648106276988983154296875,
    "2": 13.8619850404337512372876517474651336669921875,
    "3": 14.221962596775835407925114850513637065887451171875,
    "12": 7.56393199444958863608690080582164227962493896484375,
    "13": 15.3375224925848900880964720272459089756011962890625
  },
  "setupType": "Regional Bidder Setup",
  "population": 0,
  "id": 0,
  "worldId": 23,
  "implementation": "org.spectrumauctions.sats.core.model.gsvm.GSVMBidder"
}