{
  "bidderPosition": 3,
  "values": {
    "16": 1.2695782566378710498611326329410076141357421875,
    "6": 0.21310254075917800520301170763559639453887939453125,
    "7": 31.9107108231067968517891131341457366943359375,
    "8": 12.1203412648379842408985496149398386478424072265625,
    "9": 11.8478826963993828513821426895447075366973876953125,
    "15": 10.41215258240952579171789693646132946014404296875
  },
  "setupType": "Regional Bidder Setup",
  "population": 0,
  "id": 3,
  "worldId": 23,
  "implementation": "org.spectrumauctions.sats.core.model.gsvm.GSVMBidder"
}