{
  "bidderPosition": -1,
  "values": {
    "0": 2.89291379496899647705276947817765176296234130859375,
    "1": 9.3184241653343082845140088465996086597442626953125,
    "2": 9.60008779873485451616943464614450931549072265625,
    "3": 2.282576253932491194831300163059495389461517333984375,
    "4": 13.5501943242290234792335468227975070476531982421875,
    "5": 8.0987682828001510415560915134847164154052734375,
    "6": 3.389503458578546624124783193110488355159759521484375,
    "7": 2.585066344163331475414224769338034093379974365234375,
    "8": 1.8605236120397605770193649732391349971294403076171875,
    "9": 3.6461984308676367305679377750493586063385009765625,
    "10": 6.2461305436522476242089396691881120204925537109375,
    "11": 1.6229913454477851164625690216780640184879302978515625
  },
  "setupType": "National Bidder Setup",
  "population": 0,
  "id": 6,
  "worldId": 23,
  "implementation": "org.spectrumauctions.sats.core.model.gsvm.GSVMBidder"
}