{
  "bidderPosition": 2,
  "values": {
    "4": 36.1102609862791297246076283045113086700439453125,
    "5": 5.835936045900051993839952046982944011688232421875,
    "6": 10.3420445884955380932979096542112529277801513671875,
    "7": 12.59291723802365225992616615258157253265380859375,
    "14": 7.2244805288201092707822681404650211334228515625,
    "15": 19.992213533026511385060075554065406322479248046875
  },
  "setupType": "Regional Bidder Setup",
  "population": 0,
  "id": 2,
  "worldId": 23,
  "implementation": "org.spectrumauctions.sats.core.model.gsvm.GSVMBidder"
}