{
  "bidderPosition": 5,
  "values": {
    "0": 15.411429202743786248674950911663472652435302734375,
    "1": 13.100062975203929482859166455455124378204345703125,
    "17": 7.7355788861295504688087021349929273128509521484375,
    "10": 4.62091852063943431261350269778631627559661865234375,
    "11": 1.09334195673679968052738331607542932033538818359375,
    "12": 4.5646024029218779105576686561107635498046875
  },
  "setupType": "Regional Bidder Setup",
  "population": 0,
  "id": 5,
  "worldId": 23,
  "implementation": "org.spectrumauctions.sats.core.model.gsvm.GSVMBidder"
}