{
  "bidderPosition": 1,
  "values": {
    "2": 18.52672561355370106639384175650775432586669921875,
    "3": 11.43546507763432629189992439933121204376220703125,
    "4": 0.55789714207547635993478252203203737735748291015625,
    "5": 34.23140654513269254266560892574489116668701171875,
    "13": 3.1292347809941123415455876966007053852081298828125,
    "14": 18.484317431561127165196012356318533420562744140625
  },
  "setupType": "Regional Bidder Setup",
  "population": 0,
  "id": 1,
  "worldId": 30,
  "implementation": "org.spectrumauctions.sats.core.model.gsvm.GSVMBidder"
}