{
  "bidderPosition": 5,
  "values": {
    "0": 8.0300745434682330170517161604948341846466064453125,
    "1": 8.36673377964620357261082972399890422821044921875,
    "17": 7.1051082601885102718597408966161310672760009765625,
    "10": 1.6251544172651843922494663274846971035003662109375,
    "11": 1.745254503783992827692372884484939277172088623046875,
    "12": 19.89800500100771074585281894542276859283447265625
  },
  "setupType": "Regional Bidder Setup",
  "population": 0,
  "id": 5,
  "worldId": 30,
  "implementation": "org.spectrumauctions.sats.core.model.gsvm.GSVMBidder"
}