{
  "bidderPosition": -1,
  "values": {
    "0": 2.2621442066697117212470402591861784458160400390625,
    "1": 7.2108993944661534669648972339928150177001953125,
    "2": 1.3746272938552461795325143611989915370941162109375,
    "3": 3.09743819549983978589580146945081651210784912109375,
    "4": 14.712509848315594496170888305641710758209228515625,
    "5": 5.5137180586182950037255068309605121612548828125,
    "6": 2.19255190792000842492370793479494750499725341796875,
    "7": 15.529771058201585987035286962054669857025146484375,
    "8": 9.002636670815601149797657853923738002777099609375,
    "9": 7.75381436358639231087863663560710847377777099609375,
    "10": 3.888079510798483351408094677026383578777313232421875,
    "11": 7.54769359529043004641835068468935787677764892578125
  },
  "setupType": "National Bidder Setup",
  "population": 0,
  "id": 6,
  "worldId": 30,
  "implementation": "org.spectrumauctions.sats.core.model.gsvm.GSVMBidder"
}