{
  "bidderPosition": 2,
  "values": {
    "4": 8.725531512379443910276677343063056468963623046875,
    "5": 22.21449861774578238282629172317683696746826171875,
    "6": 36.576375343913895221703569404780864715576171875,
    "7": 6.643514181446565913802260183729231357574462890625,
    "14": 8.379935941907746155266067944467067718505859375,
    "15": 6.71164727205705968771098923753015697002410888671875
  },
  "setupType": "Regional Bidder Setup",
  "population": 0,
  "id": 2,
  "worldId": 30,
  "implementation": "org.spectrumauctions.sats.core.model.gsvm.GSVMBidder"
}