{
  "bidderPosition": 3,
  "values": {
    "16": 18.202478100022045026662453892640769481658935546875,
    "6": 9.6804634390801513887936380342580378055572509765625,
    "7": 39.39797767859118238220617058686912059783935546875,
    "8": 12.6266780097461577270223642699420452117919921875,
    "9": 14.726797841929776922142991679720580577850341796875,
    "15": 12.95605974324111997475483804009854793548583984375
  },
  "setupType": "Regional Bidder Setup",
  "population": 0,
  "id": 3,
  "worldId": 30,
  "implementation": "org.spectrumauctions.sats.core.model.gsvm.GSVMBidder"
}