{
  "bidderPosition": 0,
  "values": {
    "0": 5.4952187809683206154431900358758866786956787109375,
    "1": 3.169559306526272823845147286192514002323150634765625,
    "2": 4.50546269919203723475220613181591033935546875,
    "3": 3.868106009043135173897098866291344165802001953125,
    "12": 9.3246787391527501398513777530752122402191162109375,
    "13": 15.97985872536270335331209935247898101806640625
  },
  "setupType": "Regional Bidder Setup",
  "population": 0,
  "id": 0,
  "worldId": 30,
  "implementation": "org.spectrumauctions.sats.core.model.gsvm.GSVMBidder"
}