{
  "bidderPosition": 4,
  "values": {
    "16": 0.87279466750960654763957791146822273731231689453125,
    "17": 7.9656528451029924298154583084397017955780029296875,
    "8": 13.97842528884357449214803637005388736724853515625,
    "9": 16.75805078662117608701009885407984256744384765625,
    "10": 12.4236622712956563674424614873714745044708251953125,
    "11": 6.78100757735464743092279604752548038959503173828125
  },
  "setupType": "Regional Bidder Setup",
  "population": 0,
  "id": 4,
  "worldId": 30,
  "implementation": "org.spectrumauctions.sats.core.model.gsvm.GSVMBidder"
}