{
  "bidderPosition": 1,
  "values": {
    "2": 7.68547015619410078812734354869462549686431884765625,
    "3": 18.03209237629607031294654007069766521453857421875,
    "4": 5.741341732004610065587257849983870983123779296875,
    "5": 2.6719947025514212413099812692962586879730224609375,
    "13": 0.345437183311501083693428881815634667873382568359375,
    "14": 14.546840783516625350557660567574203014373779296875
  },
  "setupType": "Regional Bidder Setup",
  "population": 0,
  "id": 1,
  "worldId": 17,
  "implementation": "org.spectrumauctions.sats.core.model.gsvm.GSVMBidder"
}