{
  "bidderPosition": 2,
  "values": {
    "4": 19.484254188040676325499589438550174236297607421875,
    "5": 3.8729425961648811238546841195784509181976318359375,
    "6": 16.526947602606782083967118524014949798583984375,
    "7": 17.81901119013131307156072580255568027496337890625,
    "14": 17.952264107235652801364267361350357532501220703125,
    "15": 15.0104484281670043088752208859659731388092041015625
  },
  "setupType": "Regional Bidder Setup",
  "population": 0,
  "id": 2,
  "worldId": 17,
  "implementation": "org.spectrumauctions.sats.core.model.gsvm.GSVMBidder"
}