{
  "bidderPosition": 3,
  "values": {
    "16": 15.7855425077695716851167162531055510044097900390625,
    "6": 6.885189406331324590837539290077984333038330078125,
    "7": 31.335477938918071316720670438371598720550537109375,
    "8": 0.150187492363300645337176320026628673076629638671875,
    "9": 3.01785949644964635041333167464472353458404541015625,
    "15": 14.962854935404987344327309983782470226287841796875
  },
  "setupType": "Regional Bidder Setup",
  "population": 0,
  "id": 3,
  "worldId": 17,
  "implementation": "org.spectrumauctions.sats.core.model.gsvm.GSVMBidder"
}