{
  "bidderPosition": 0,
  "values": {
    "0": 19.72394917917021217590445303358137607574462890625,
    "1": 19.598524361020817963208173750899732112884521484375,
    "2": 18.090533237366063445961117395199835300445556640625,
    "3": 12.4470228928282864444554434157907962799072265625,
    "12": 9.39683755777351592541890568099915981292724609375,
    "13": 19.426713953303558213292490108869969844818115234375
  },
  "setupType": "Regional Bidder Setup",
  "population": 0,
  "id": 0,
  "worldId": 17,
  "implementation": "org.spectrumauctions.sats.core.model.gsvm.GSVMBidder"
}