{
  "bidderPosition": -1,
  "values": {
    "0": 0.2542956851069277934840329180588014423847198486328125,
    "1": 8.023267522259008188711959519423544406890869140625,
    "2": 6.455933237646409139642855734564363956451416015625,
    "3": 3.50494107934732479492367929196916520595550537109375,
    "4": 8.0127013796952422097774615394882857799530029296875,
    "5": 16.919298614533605729093324043788015842437744140625,
    "6": 8.644524018225165917783670010976493358612060546875,
    "7": 19.7872643026187091663814499042928218841552734375,
    "8": 0.198424914657753248548033297993242740631103515625,
    "9": 1.6011811422940758209421119317994453012943267822265625,
    "10": 5.51835716427492872782067934167571365833282470703125,
    "11": 1.0927305812453813604889774069306440651416778564453125
  },
  "setupType": "National Bidder Setup",
  "population": 0,
  "id": 6,
  "worldId": 17,
  "implementation": "org.spectrumauctions.sats.core.model.gsvm.GSVMBidder"
}