{
  "bidderPosition": 4,
  "values": {
    "16": 0.261815667935885176831334320013411343097686767578125,
    "17": 10.2231166628012548613924082019366323947906494140625,
    "8": 18.318561462146842444553840323351323604583740234375,
    "9": 4.24773014544230331779317566542886197566986083984375,
    "10": 5.856030247035864277904693153686821460723876953125,
    "11": 4.78297794537748899301732308231294155120849609375
  },
  "setupType": "Regional Bidder Setup",
  "population": 0,
  "id": 4,
  "worldId": 17,
  "implementation": "org.spectrumauctions.sats.core.model.gsvm.GSVMBidder"
}