{
  "bidderPosition": 5,
  "values": {
    "0": 19.947506658100252252552309073507785797119140625,
    "1": 17.998771675446167961354149156250059604644775390625,
    "17": 10.1286414895406355896056993515230715274810791015625,
    "10": 15.325507370306741705690001253969967365264892578125,
    "11": 12.10082430374046680299215950071811676025390625,
    "12": 8.474517128095111928587357397191226482391357421875
  },
  "setupType": "Regional Bidder Setup",
  "population": 0,
  "id": 5,
  "worldId": 17,
  "implementation": "org.spectrumauctions.sats.core.model.gsvm.GSVMBidder"
}