{
  "bidderPosition": 0,
  "values": {
    "0": 19.273215318777513260783962323330342769622802734375,
    "1": 12.2519470303488180462636591983027756214141845703125,
    "2": 19.9590880368179597326161456294357776641845703125,
    "3": 1.40110889265582461149506343645043671131134033203125,
    "12": 19.007796279609909362307007540948688983917236328125,
    "13": 11.57517098414475498202591552399098873138427734375
  },
  "setupType": "Regional Bidder Setup",
  "population": 0,
  "id": 0,
  "worldId": 20,
  "implementation": "org.spectrumauctions.sats.core.model.gsvm.GSVMBidder"
}