{
  "bidderPosition": 2,
  "values": {
    "4": 19.74625454797325829758847248740494251251220703125,
    "5": 19.09366670724728720642815460450947284698486328125,
    "6": 32.29583781988748114599729888141155242919921875,
    "7": 33.2900128224775500029863906092941761016845703125,
    "14": 3.9320177898474639732739888131618499755859375,
    "15": 10.7368437069833699837317908531986176967620849609375
  },
  "setupType": "Regional Bidder Setup",
  "population": 0,
  "id": 2,
  "worldId": 20,
  "implementation": "org.spectrumauctions.sats.core.model.gsvm.GSVMBidder"
}