{
  "bidderPosition": 1,
  "values": {
    "2": 9.8462596757510283396186423487961292266845703125,
    "3": 18.1543391770211428593029268085956573486328125,
    "4": 35.84137566698772303652731352485716342926025390625,
    "5": 16.8527226623371433333886670880019664764404296875,
    "13": 13.74579858544050381397028104402124881744384765625,
    "14": 5.4432219762275284580255174660123884677886962890625
  },
  "setupType": "Regional Bidder Setup",
  "population": 0,
  "id": 1,
  "worldId": 20,
  "implementation": "org.spectrumauctions.sats.core.model.gsvm.GSVMBidder"
}