{
  "bidderPosition": 4,
  "values": {
    "16": 4.06351436186249515003510168753564357757568359375,
    "17": 2.232399103267181939003194202086888253688812255859375,
    "8": 1.960023146135327909433954118867404758930206298828125,
    "9": 11.93929092345177167544534313492476940155029296875,
    "10": 5.93714199303668532792244150186888873577117919921875,
    "11": 9.557549491310890488193763303570449352264404296875
  },
  "setupType": "Regional Bidder Setup",
  "population": 0,
  "id": 4,
  "worldId": 20,
  "implementation": "org.spectrumauctions.sats.core.model.gsvm.GSVMBidder"
}