{
  "bidderPosition": 5,
  "values": {
    "0": 11.59849520547800949543670867569744586944580078125,
    "1": 19.692945737636438963136242819018661975860595703125,
    "17": 8.507423207905549844554116134531795978546142578125,
    "10": 3.613358136024802380603659912594594061374664306640625,
    "11": 17.385384607439778648085848544724285602569580078125,
    "12": 5.1294622874935296152898445143364369869232177734375
  },
  "setupType": "Regional Bidder Setup",
  "population": 0,
  "id": 5,
  "worldId": 20,
  "implementation": "org.spectrumauctions.sats.core.model.gsvm.GSVMBidder"
}