{
  "bidderPosition": -1,
  "values": {
    "0": 9.0711736521157462220799061469733715057373046875,
    "1": 3.201036479324497197040955143165774643421173095703125,
    "2": 1.997479526892551593419966593501158058643341064453125,
    "3": 4.3339233398028742527685608365572988986968994140625,
    "4": 9.66884546032107294877278036437928676605224609375,
    "5": 2.39179179206132186408240158925764262676239013671875,
    "6": 17.87017958868677425243731704540550708770751953125,
    "7": 15.0934313345205151080108407768420875072479248046875,
    "8": 6.09643427814325011837581769214011728763580322265625,
    "9": 0.224325652117813856278871753602288663387298583984375,
    "10": 6.67408018453993889806952211074531078338623046875,
    "11": 3.20516814101880687104539902065880596637725830078125
  },
  "setupType": "National Bidder Setup",
  "population": 0,
  "id": 6,
  "worldId": 20,
  "implementation": "org.spectrumauctions.sats.core.model.gsvm.GSVMBidder"
}