{
  "bidderPosition": 3,
  "values": {
    "16": 0.21274707799426639809325934038497507572174072265625,
    "6": 4.94756000172636323242159051005728542804718017578125,
    "7": 25.6645561166240412376282620243728160858154296875,
    "8": 3.30762947256657557915104916901327669620513916015625,
    "9": 11.6747810298822418673125866916961967945098876953125,
    "15": 10.1842362927844138908994864323176443576812744140625
  },
  "setupType": "Regional Bidder Setup",
  "population": 0,
  "id": 3,
  "worldId": 20,
  "implementation": "org.spectrumauctions.sats.core.model.gsvm.GSVMBidder"
}