{
  "bidderPosition": 2,
  "values": {
    "4": 39.19897975744394358343924977816641330718994140625,
    "5": 32.3444110034309915135963819921016693115234375,
    "6": 20.584921267779844100687114405445754528045654296875,
    "7": 17.6307208530005397051354520954191684722900390625,
    "14": 19.841025115630021247170589049346745014190673828125,
    "15": 7.2025081520346194707826725789345800876617431640625
  },
  "setupType": "Regional Bidder Setup",
  "population": 0,
  "id": 2,
  "worldId": 34,
  "implementation": "org.spectrumauctions.sats.core.model.gsvm.GSVMBidder"
}