{
  "bidderPosition": 3,
  "values": {
    "16": 9.08780035421198562062272685579955577850341796875,
    "6": 5.119307933606993543662611045874655246734619140625,
    "7": 22.597577604054524869070519343949854373931884765625,
    "8": 3.667241681216764082051895456970669329166412353515625,
    "9": 11.3446268169917789947476194356568157672882080078125,
    "15": 11.373614788814801812577570672146975994110107421875
  },
  "setupType": "Regional Bidder Setup",
  "population": 0,
  "id": 3,
  "worldId": 34,
  "implementation": "org.spectrumauctions.sats.core.model.gsvm.GSVMBidder"
}