{
  "bidderPosition": 0,
  "values": {
    "0": 14.633196942004826013317142496816813945770263671875,
    "1": 15.9931845308504616554046151577495038509368896484375,
    "2": 0.070204301902820898106938329874537885189056396484375,
    "3": 6.5155804632575016199780293391086161136627197265625,
    "12": 7.566459878950606565695125027559697628021240234375,
    "13": 19.457019692949518940849884529598057270050048828125
  },
  "setupType": "Regional Bidder Setup",
  "population": 0,
  "id": 0,
  "worldId": 34,
  "implementation": "org.spectrumauctions.sats.core.model.gsvm.GSVMBidder"
}