{
  "bidderPosition": 5,
  "values": {
    "0": 9.966356364165672943045137799344956874847412109375,
    "1": 12.2938389639371479233886930160224437713623046875,
    "17": 17.306738107124996162156094214878976345062255859375,
    "10": 5.7592035117553113110488993697799742221832275390625,
    "11": 6.16007850347383367761722183786332607269287109375,
    "12": 14.3966817274440490592724017915315926074981689453125
  },
  "setupType": "Regional Bidder Setup",
  "population": 0,
  "id": 5,
  "worldId": 34,
  "implementation": "org.spectrumauctions.sats.core.model.gsvm.GSVMBidder"
}