{
  "bidderPosition": 1,
  "values": {
    "2": 12.09759782354942814208698109723627567291259765625,
    "3": 5.062861940363330148784370976500213146209716796875,
    "4": 33.4637010386186233290572999976575374603271484375,
    "5": 10.5058050389811352687274847994558513164520263671875,
    "13": 0.596258195266357038377691424102522432804107666015625,
    "14": 17.21665426746263705126693821512162685394287109375
  },
  "setupType": "Regional Bidder Setup",
  "population": 0,
  "id": 1,
  "worldId": 34,
  "implementation": "org.spectrumauctions.sats.core.model.gsvm.GSVMBidder"
}