{
  "bidderPosition": 4,
  "values": {
    "16": 12.344922100143865151267164037562906742095947265625,
    "17": 3.5912132138684871307532375794835388660430908203125,
    "8": 8.480311465987345087569337920285761356353759765625,
    "9": 15.9355267314364450470520750968717038631439208984375,
    "10": 13.5696570105919729343213475658558309078216552734375,
    "11": 12.839774044357309179531512199901044368743896484375
  },
  "setupType": "Regional Bidder Setup",
  "population": 0,
  "id": 4,
  "worldId": 34,
  "implementation": "org.spectrumauctions.sats.core.model.gsvm.GSVMBidder"
}