{
  "bidderPosition": -1,
  "values": {
    "0": 2.524010268623424479983441415242850780487060546875,
    "1": 2.9929624748336749462396255694329738616943359375,
    "2": 6.0418584172235796359018422663211822509765625,
    "3": 5.1389483925153900401028295163996517658233642578125,
    "4": 7.42079415359547311936694313772022724151611328125,
    "5": 15.6424058424362772967697310377843677997589111328125,
    "6": 1.594668295401626689766771960421465337276458740234375,
    "7": 16.0457897769446589109065826050937175750732421875,
    "8": 2.953434880476890622702512700925581157207489013671875,
    "9": 1.524382067606586677044333555386401712894439697265625,
    "10": 1.7544466874365804986979355817311443388462066650390625,
    "11": 4.611502428685415821973947458900511264801025390625
  },
  "setupType": "National Bidder Setup",
  "population": 0,
  "id": 6,
  "worldId": 34,
  "implementation": "org.spectrumauctions.sats.core.model.gsvm.GSVMBidder"
}