{
  "bidderPosition": 1,
  "values": {
    "2": 7.3018066982812950271863883244805037975311279296875,
    "3": 19.176371794900060052668777643702924251556396484375,
    "4": 34.48117371481939841260100365616381168365478515625,
    "5": 16.772659155939297903614715323783457279205322265625,
    "13": 4.9757847344540646616906087729148566722869873046875,
    "14": 6.433467617178177277992290328256785869598388671875
  },
  "setupType": "Regional Bidder Setup",
  "population": 0,
  "id": 1,
  "worldId": 18,
  "implementation": "org.spectrumauctions.sats.core.model.gsvm.GSVMBidder"
}