{
  "bidderPosition": -1,
  "values": {
    "0": 9.0203127331771266739224302000366151332855224609375,
    "1": 3.75105668616882415022928398684598505496978759765625,
    "2": 2.9699988620578796627569317934103310108184814453125,
    "3": 2.66025912585794532816407809150405228137969970703125,
    "4": 7.67329695332569627908014808781445026397705078125,
    "5": 0.79225440753670550719789389404468238353729248046875,
    "6": 13.9820039310762940232280016061849892139434814453125,
    "7": 11.2552591425618953024923030170612037181854248046875,
    "8": 5.83995139753429537421425266074948012828826904296875,
    "9": 1.093275376917401953136277370504103600978851318359375,
    "10": 1.9456981119255412071566979648196138441562652587890625,
    "11": 7.5411263487612796296843953314237296581268310546875
  },
  "setupType": "National Bidder Setup",
  "population": 0,
  "id": 6,
  "worldId": 18,
  "implementation": "org.spectrumauctions.sats.core.model.gsvm.GSVMBidder"
}