{
  "bidderPosition": 0,
  "values": {
    "0": 18.740030820486690998905032756738364696502685546875,
    "1": 13.7518681526929693603733539930544793605804443359375,
    "2": 3.60543371878794260965150897391140460968017578125,
    "3": 8.54856245185380458906365674920380115509033203125,
    "12": 13.01261435359847240533781587146222591400146484375,
    "13": 17.0448374437398371128438157029449939727783203125
  },
  "setupType": "Regional Bidder Setup",
  "population": 0,
  "id": 0,
  "worldId": 18,
  "implementation": "org.spectrumauctions.sats.core.model.gsvm.GSVMBidder"
}