{
  "bidderPosition": 5,
  "values": {
    "0": 13.7346932237623580164154191152192652225494384765625,
    "1": 3.23329612619293715880530726280994713306427001953125,
    "17": 0.360868207325262257967324330820702016353607177734375,
    "10": 2.141088002018551872396301405387930572032928466796875,
    "11": 18.974478693458532774229752249084413051605224609375,
    "12": 4.61021395280304613351063380832783877849578857421875
  },
  "setupType": "Regional Bidder Setup",
  "population": 0,
  "id": 5,
  "worldId": 18,
  "implementation": "org.spectrumauctions.sats.core.model.gsvm.GSVMBidder"
}