{
  "bidderPosition": 3,
  "values": {
    "16": 15.52103095397478682571090757846832275390625,
    "6": 34.7711339226396631829629768617451190948486328125,
    "7": 25.32152018752747579810602474026381969451904296875,
    "8": 17.551182258404121938610842335037887096405029296875,
    "9": 10.7529158967309061978312456631101667881011962890625,
    "15": 8.143933714496260023452123277820646762847900390625
  },
  "setupType": "Regional Bidder Setup",
  "population": 0,
  "id": 3,
  "worldId": 18,
  "implementation": "org.spectrumauctions.sats.core.model.gsvm.GSVMBidder"
}