{
  "bidderPosition": 4,
  "values": {
    "16": 15.2533106708261794182135417941026389598846435546875,
    "17": 13.295098527052548575966284261085093021392822265625,
    "8": 15.35638982959068954414760810323059558868408203125,
    "9": 17.05253433024592624178694677539169788360595703125,
    "10": 3.63525150252794304606140940450131893157958984375,
    "11": 4.9238675845282404708314061281271278858184814453125
  },
  "setupType": "Regional Bidder Setup",
  "population": 0,
  "id": 4,
  "worldId": 18,
  "implementation": "org.spectrumauctions.sats.core.model.gsvm.GSVMBidder"
}