{
  "bidderPosition": 2,
  "values": {
    "4": 38.342984215672316850032075308263301849365234375,
    "5": 16.136373029674263790411714580841362476348876953125,
    "6": 33.38827096146210493543549091555178165435791015625,
    "7": 32.99428637917611695229425095021724700927734375,
    "14": 8.96955059662852960400414303876459598541259765625,
    "15": 8.350983793124267862140186480246484279632568359375
  },
  "setupType": "Regional Bidder Setup",
  "population": 0,
  "id": 2,
  "worldId": 18,
  "implementation": "org.spectrumauctions.sats.core.model.gsvm.GSVMBidder"
}