{
  "bidderPosition": 1,
  "values": {
    "2": 10.1004474207885746039892183034680783748626708984375,
    "3": 4.652218182671905566394343622960150241851806640625,
    "4": 39.034740508199575970138539560139179229736328125,
    "5": 26.931751118164129366050474345684051513671875,
    "13": 1.3559517871506709951745506259612739086151123046875,
    "14": 15.9112842796337599082789893145672976970672607421875
  },
  "setupType": "Regional Bidder Setup",
  "population": 0,
  "id": 1,
  "worldId": 29,
  "implementation": "org.spectrumauctions.sats.core.model.gsvm.GSVMBidder"
}