{
  "bidderPosition": 4,
  "values": {
    "16": 5.261564078621621121101270546205341815948486328125,
    "17": 6.92300160555414212382174810045398771762847900390625,
    "8": 4.76864347517099940176876771147362887859344482421875,
    "9": 19.449416735199474004502917523495852947235107421875,
    "10": 16.0956600586578133516013622283935546875,
    "11": 17.276755191383443843733402900397777557373046875
  },
  "setupType": "Regional Bidder Setup",
  "population": 0,
  "id": 4,
  "worldId": 29,
  "implementation": "org.spectrumauctions.sats.core.model.gsvm.GSVMBidder"
}