{
  "bidderPosition": 2,
  "values": {
    "4": 5.72196457125158985945745371282100677490234375,
    "5": 12.7210437448017987804860240430571138858795166015625,
    "6": 10.598099671734022564351107575930655002593994140625,
    "7": 28.884860233768762327599688433110713958740234375,
    "14": 13.2990985426465755381286726333200931549072265625,
    "15": 11.3948915167715352225741298752836883068084716796875
  },
  "setupType": "Regional Bidder Setup",
  "population": 0,
  "id": 2,
  "worldId": 29,
  "implementation": "org.spectrumauctions.sats.core.model.gsvm.GSVMBidder"
}