{
  "bidderPosition": 3,
  "values": {
    "16": 5.355213541287337619678510236553847789764404296875,
    "6": 23.525619432368788608300747000612318515777587890625,
    "7": 31.27995825186848577459386433474719524383544921875,
    "8": 6.34105644927706268987321891472674906253814697265625,
    "9": 10.3111416320159694492986091063357889652252197265625,
    "15": 16.0148519633668371398016461171209812164306640625
  },
  "setupType": "Regional Bidder Setup",
  "population": 0,
  "id": 3,
  "worldId": 29,
  "implementation": "org.spectrumauctions.sats.core.model.gsvm.GSVMBidder"
}