{
  "bidderPosition": -1,
  "values": {
    "0": 1.459187945348776604959084579604677855968475341796875,
    "1": 6.7089700125756763782192138023674488067626953125,
    "2": 6.8706234783577908586948979063890874385833740234375,
    "3": 7.72963450286061704019857643288560211658477783203125,
    "4": 4.5346751402882841119890144909732043743133544921875,
    "5": 12.46105900814787759145474410615861415863037109375,
    "6": 4.556704807481057883933317498303949832916259765625,
    "7": 18.44940719170792675640768720768392086029052734375,
    "8": 9.2142872870077656699550061603076756000518798828125,
    "9": 2.777867053388405338409938849508762359619140625,
    "10": 5.229979997266145375078849610872566699981689453125,
    "11": 2.24940395445198593193936176248826086521148681640625
  },
  "setupType": "National Bidder Setup",
  "population": 0,
  "id": 6,
  "worldId": 29,
  "implementation": "org.spectrumauctions.sats.core.model.gsvm.GSVMBidder"
}