{
  "bidderPosition": 5,
  "values": {
    "0": 7.8239596653731613429272329085506498813629150390625,
    "1": 15.7663054477517601270619707065634429454803466796875,
    "17": 11.1147965305250213674526094109751284122467041015625,
    "10": 1.319901741185420807056516423472203314304351806640625,
    "11": 18.772555332328693111776374280452728271484375,
    "12": 17.48805661828208002361861872486770153045654296875
  },
  "setupType": "Regional Bidder Setup",
  "population": 0,
  "id": 5,
  "worldId": 29,
  "implementation": "org.spectrumauctions.sats.core.model.gsvm.GSVMBidder"
}