{
  "bidderPosition": 0,
  "values": {
    "0": 0.393120189048461465830541783361695706844329833984375,
    "1": 4.6465792485103829534409669577144086360931396484375,
    "2": 14.380573636808467341552386642433702945709228515625,
    "3": 8.2968613655681355822935074684210121631622314453125,
    "12": 0.21777509276911910518492732080630958080291748046875,
    "13": 15.94780099841636911150999367237091064453125
  },
  "setupType": "Regional Bidder Setup",
  "population": 0,
  "id": 0,
  "worldId": 29,
  "implementation": "org.spectrumauctions.sats.core.model.gsvm.GSVMBidder"
}