{
  "bidderPosition": 1,
  "values": {
    "2": 11.2759690758829922430095393792726099491119384765625,
    "3": 1.326212374880764155449242025497369468212127685546875,
    "4": 24.0652621068909553514458821155130863189697265625,
    "5": 14.921370338976448266521401819773018360137939453125,
    "13": 8.7158408533108140403555808006785809993743896484375,
    "14": 18.32190389816762632335667149163782596588134765625
  },
  "setupType": "Regional Bidder Setup",
  "population": 0,
  "id": 1,
  "worldId": 15,
  "implementation": "org.spectrumauctions.sats.core.model.gsvm.GSVMBidder"
}