{
  "bidderPosition": 5,
  "values": {
    "0": 12.551668217933336535452326643280684947967529296875,
    "1": 10.3981183497164959561587238567881286144256591796875,
    "17": 6.794090120448377234652070910669863224029541015625,
    "10": 5.270896122495553726139405625872313976287841796875,
    "11": 6.4168490204201606985634498414583504199981689453125,
    "12": 2.329572032519180435627959013800136744976043701171875
  },
  "setupType": "Regional Bidder Setup",
  "population": 0,
  "id": 5,
  "worldId": 15,
  "implementation": "org.spectrumauctions.sats.core.model.gsvm.GSVMBidder"
}