{
  "bidderPosition": -1,
  "values": {
    "0": 0.3685835835322504028255252706003375351428985595703125,
    "1": 8.9739630632228681861306540668010711669921875,
    "2": 5.29896500644880230623812167323194444179534912109375,
    "3": 5.1628659313357143645362157258205115795135498046875,
    "4": 9.63109761262743546694764518178999423980712890625,
    "5": 8.647998141083665046835449174977838993072509765625,
    "6": 9.6379341591071199246698597562499344348907470703125,
    "7": 18.080286852498783645160074229352176189422607421875,
    "8": 4.88973833052031903179113214719109237194061279296875,
    "9": 3.8241217267019322889609611593186855316162109375,
    "10": 1.00648373192606666037818285985849797725677490234375,
    "11": 1.2553851463143672617661650292575359344482421875
  },
  "setupType": "National Bidder Setup",
  "population": 0,
  "id": 6,
  "worldId": 15,
  "implementation": "org.spectrumauctions.sats.core.model.gsvm.GSVMBidder"
}