{
  "bidderPosition": 4,
  "values": {
    "16": 3.03384459991359545227851413073949515819549560546875,
    "17": 9.4181059661437505070580300525762140750885009765625,
    "8": 1.857590883186948094163426503655500710010528564453125,
    "9": 15.791494208177635272249972331337630748748779296875,
    "10": 12.11406131706868194441995001398026943206787109375,
    "11": 10.5486288151191871520495624281466007232666015625
  },
  "setupType": "Regional Bidder Setup",
  "population": 0,
  "id": 4,
  "worldId": 15,
  "implementation": "org.spectrumauctions.sats.core.model.gsvm.GSVMBidder"
}