{
  "bidderPosition": 2,
  "values": {
    "4": 9.525231130782056965244919410906732082366943359375,
    "5": 5.95525498807234487941286715795285999774932861328125,
    "6": 0.14446095853829721278316355892457067966461181640625,
    "7": 12.913753383311501465868786908686161041259765625,
    "14": 8.2794022035299281725428954814560711383819580078125,
    "15": 3.000327299834368854902777457027696073055267333984375
  },
  "setupType": "Regional Bidder Setup",
  "population": 0,
  "id": 2,
  "worldId": 15,
  "implementation": "org.spectrumauctions.sats.core.model.gsvm.GSVMBidder"
}