{
  "bidderPosition": 3,
  "values": {
    "16": 5.836520596406398198041642899625003337860107421875,
    "6": 8.62624165507259732521561090834438800811767578125,
    "7": 16.56744451204093593332800082862377166748046875,
    "8": 13.798401210485270240724275936372578144073486328125,
    "9": 19.525696699011827917047412483952939510345458984375,
    "15": 17.510928723637274373459149501286447048187255859375
  },
  "setupType": "Regional Bidder Setup",
  "population": 0,
  "id": 3,
  "worldId": 15,
  "implementation": "org.spectrumauctions.sats.core.model.gsvm.GSVMBidder"
}