{
  "bidderPosition": 0,
  "values": {
    "0": 2.954909544331585369292270115693099796772003173828125,
    "1": 14.047002298564958522320011979900300502777099609375,
    "2": 9.02792159192500776043743826448917388916015625,
    "3": 13.5952666189533371010611517704091966152191162109375,
    "12": 15.33847749378721658786162151955068111419677734375,
    "13": 19.264168184786559123722327058203518390655517578125
  },
  "setupType": "Regional Bidder Setup",
  "population": 0,
  "id": 0,
  "worldId": 15,
  "implementation": "org.spectrumauctions.sats.core.model.gsvm.GSVMBidder"
}