{
  "bidderPosition": 4,
  "values": {
    "16": 0.15613371861056268841139171854592859745025634765625,
    "17": 2.442404365113066688763865386135876178741455078125,
    "8": 19.613665683756064339604563429020345211029052734375,
    "9": 6.11052595072712367851863746182061731815338134765625,
    "10": 1.77212476028186127763319746009074151515960693359375,
    "11": 7.5686670180964714660376557731069624423980712890625
  },
  "setupType": "Regional Bidder Setup",
  "population": 0,
  "id": 4,
  "worldId": 19,
  "implementation": "org.spectrumauctions.sats.core.model.gsvm.GSVMBidder"
}