{
  "bidderPosition": 2,
  "values": {
    "4": 23.110116645493260278954039677046239376068115234375,
    "5": 6.65948056589118042580821565934456884860992431640625,
    "6": 15.494459319738030700364106451161205768585205078125,
    "7": 4.65705820094309164147716728621162474155426025390625,
    "14": 10.524109125795877872633354854770004749298095703125,
    "15": 5.127374449496453934216333436779677867889404296875
  },
  "setupType": "Regional Bidder Setup",
  "population": 0,
  "id": 2,
  "worldId": 19,
  "implementation": "org.spectrumauctions.sats.core.model.gsvm.GSVMBidder"
}