{
  "bidderPosition": -1,
  "values": {
    "0": 2.322598937367212901250468348735012114048004150390625,
    "1": 3.40490156380408137692938908003270626068115234375,
    "2": 7.799620654593550028721438138745725154876708984375,
    "3": 8.4255967814960737172214066958986222743988037109375,
    "4": 10.52133965328606990397020126692950725555419921875,
    "5": 3.219365138409504556449292067554779350757598876953125,
    "6": 10.744939766842467321339427144266664981842041015625,
    "7": 14.85001532197210138974696747027337551116943359375,
    "8": 9.13641305365099043456211802549660205841064453125,
    "9": 4.6306013319990366738920783973298966884613037109375,
    "10": 2.54192718576844800537628543679602444171905517578125,
    "11": 1.23416703759922530281301078503020107746124267578125
  },
  "setupType": "National Bidder Setup",
  "population": 0,
  "id": 6,
  "worldId": 19,
  "implementation": "org.spectrumauctions.sats.core.model.gsvm.GSVMBidder"
}