{
  "bidderPosition": 1,
  "values": {
    "2": 17.0606282935039388348741340450942516326904296875,
    "3": 16.220677188485442599130692542530596256256103515625,
    "4": 24.646419857531970620811989647336304187774658203125,
    "5": 10.6682563309922340266666651587001979351043701171875,
    "13": 11.0647960563922396204361575655639171600341796875,
    "14": 18.688361323397572277826839126646518707275390625
  },
  "setupType": "Regional Bidder Setup",
  "population": 0,
  "id": 1,
  "worldId": 19,
  "implementation": "org.spectrumauctions.sats.core.model.gsvm.GSVMBidder"
}