{
  "bidderPosition": 3,
  "values": {
    "16": 1.257387994650722706779788495623506605625152587890625,
    "6": 10.608272114460106649858062155544757843017578125,
    "7": 19.379720920171706666224054060876369476318359375,
    "8": 18.3763706433163491738014272414147853851318359375,
    "9": 1.669855002395326248887386100250296294689178466796875,
    "15": 19.27474114946058847408494330011308193206787109375
  },
  "setupType": "Regional Bidder Setup",
  "population": 0,
  "id": 3,
  "worldId": 19,
  "implementation": "org.spectrumauctions.sats.core.model.gsvm.GSVMBidder"
}