{
  "bidderPosition": 0,
  "values": {
    "0": 8.8863756452856197398659787722863256931304931640625,
    "1": 11.3779802102408371666797393118031322956085205078125,
    "2": 8.6702334683243815760533834691159427165985107421875,
    "3": 10.972336303441924343360369675792753696441650390625,
    "12": 7.1551749601162146774413486127741634845733642578125,
    "13": 11.20884616669486177897852030582726001739501953125
  },
  "setupType": "Regional Bidder Setup",
  "population": 0,
  "id": 0,
  "worldId": 19,
  "implementation": "org.spectrumauctions.sats.core.model.gsvm.GSVMBidder"
}