{
  "bidderPosition": 5,
  "values": {
    "0": 16.21507720596454049655221751891076564788818359375,
    "1": 10.139225397382094939757735119201242923736572265625,
    "17": 12.68963275422985503837480791844427585601806640625,
    "10": 19.5933273692048572911517112515866756439208984375,
    "11": 7.2068111356766291208941765944473445415496826171875,
    "12": 2.010884304572801983823637783643789589405059814453125
  },
  "setupType": "Regional Bidder Setup",
  "population": 0,
  "id": 5,
  "worldId": 19,
  "implementation": "org.spectrumauctions.sats.core.model.gsvm.GSVMBidder"
}