{
  "bidderPosition": 0,
  "values": {
    "0": 17.839715235213279953541132272221148014068603515625,
    "1": 10.077574231135855598040507175028324127197265625,
    "2": 13.2831435039087804028667960665188729763031005859375,
    "3": 5.58403741611140702616467024199664592742919921875,
    "12": 13.291333962449048300413778633810579776763916015625,
    "13": 18.669768678763404068376985378563404083251953125
  },
  "setupType": "Regional Bidder Setup",
  "population": 0,
  "id": 0,
  "worldId": 6,
  "implementation": "org.spectrumauctions.sats.core.model.gsvm.GSVMBidder"
}