{
  "bidderPosition": 4,
  "values": {
    "16": 1.7853843370472599616505249287001788616180419921875,
    "17": 13.95225263706879559322260320186614990234375,
    "8": 4.2989058830611437400648355833254754543304443359375,
    "9": 13.598491427715440948986724833957850933074951171875,
    "10": 1.755082292829579504456205540918745100498199462890625,
    "11": 4.31736091068871274956109118647873401641845703125
  },
  "setupType": "Regional Bidder Setup",
  "population": 0,
  "id": 4,
  "worldId": 6,
  "implementation": "org.spectrumauctions.sats.core.model.gsvm.GSVMBidder"
}