{
  "bidderPosition": 5,
  "values": {
    "0": 0.829174303426982728382199638872407376766204833984375,
    "1": 9.07007090636685830986607470549643039703369140625,
    "17": 9.4036625889175429193755917367525398731231689453125,
    "10": 7.2134243029786038192696651094593107700347900390625,
    "11": 4.95300138520814670073377783410251140594482421875,
    "12": 19.11638056231608828738899319432675838470458984375
  },
  "setupType": "Regional Bidder Setup",
  "population": 0,
  "id": 5,
  "worldId": 6,
  "implementation": "org.spectrumauctions.sats.core.model.gsvm.GSVMBidder"
}