{
  "bidderPosition": 2,
  "values": {
    "4": 29.47370153962760497279305127449333667755126953125,
    "5": 6.48670125406062947348573288763873279094696044921875,
    "6": 0.16878739275956622378771498915739357471466064453125,
    "7": 11.286786634811591056859469972550868988037109375,
    "14": 19.7443775004612547263604938052594661712646484375,
    "15": 0.716926350608113605034077409072779119014739990234375
  },
  "setupType": "Regional Bidder Setup",
  "population": 0,
  "id": 2,
  "worldId": 6,
  "implementation": "org.spectrumauctions.sats.core.model.gsvm.GSVMBidder"
}