{
  "bidderPosition": 1,
  "values": {
    "2": 3.323129299126208469061793948640115559101104736328125,
    "3": 18.504249432864771307549744960851967334747314453125,
    "4": 19.188486754415183810351663851179182529449462890625,
    "5": 33.7224098021241758260657661594450473785400390625,
    "13": 11.036533511029375631551374681293964385986328125,
    "14": 7.1834144088747624579127659671939909458160400390625
  },
  "setupType": "Regional Bidder Setup",
  "population": 0,
  "id": 1,
  "worldId": 6,
  "implementation": "org.spectrumauctions.sats.core.model.gsvm.GSVMBidder"
}