{
  "bidderPosition": -1,
  "values": {
    "0": 9.289972812802705703916217316873371601104736328125,
    "1": 0.2592541912993573394174973145709373056888580322265625,
    "2": 5.8236649376136622180410995497368276119232177734375,
    "3": 4.9941429013074323250975794508121907711029052734375,
    "4": 9.3921854090719474328352589509449899196624755859375,
    "5": 17.038810918194737809017169638536870479583740234375,
    "6": 19.14394082044758960137187386862933635711669921875,
    "7": 14.982492631525861526142762158997356891632080078125,
    "8": 1.4081667049084689580240592476911842823028564453125,
    "9": 9.1567431065215174612603732384741306304931640625,
    "10": 2.78885818864899359681430723867379128932952880859375,
    "11": 4.364979854823143767816873150877654552459716796875
  },
  "setupType": "National Bidder Setup",
  "population": 0,
  "id": 6,
  "worldId": 6,
  "implementation": "org.spectrumauctions.sats.core.model.gsvm.GSVMBidder"
}