{
  "bidderPosition": 3,
  "values": {
    "16": 13.9219953795778366156810079701244831085205078125,
    "6": 29.603657032061786225085597834549844264984130859375,
    "7": 21.936429395661857455479548661969602108001708984375,
    "8": 6.93481743549926310521414052345789968967437744140625,
    "9": 10.7596502502365041209486662410199642181396484375,
    "15": 11.5661692991064395386047181091271340847015380859375
  },
  "setupType": "Regional Bidder Setup",
  "population": 0,
  "id": 3,
  "worldId": 6,
  "implementation": "org.spectrumauctions.sats.core.model.gsvm.GSVMBidder"
}