{
  "bidderPosition": 3,
  "values": {
    "16": 4.34662316277478755210950112086720764636993408203125,
    "6": 29.473967284765354435194240068085491657257080078125,
    "7": 9.8973373918746521127332016476429998874664306640625,
    "8": 2.470352103814683619731340513681061565876007080078125,
    "9": 2.611338319211196079550063586793839931488037109375,
    "15": 12.70988991846747495628733304329216480255126953125
  },
  "setupType": "Regional Bidder Setup",
  "population": 0,
  "id": 3,
  "worldId": 41,
  "implementation": "org.spectrumauctions.sats.core.model.gsvm.GSVMBidder"
}