{
  "bidderPosition": 0,
  "values": {
    "0": 0.07619335739969645970859346562065184116363525390625,
    "1": 14.1381641117889760295156520442105829715728759765625,
    "2": 9.8944319303861956171886049560271203517913818359375,
    "3": 9.1754537200809860308936549699865281581878662109375,
    "12": 18.797477025253112259406407247297465801239013671875,
    "13": 18.847897712955660409761549090035259723663330078125
  },
  "setupType": "Regional Bidder Setup",
  "population": 0,
  "id": 0,
  "worldId": 41,
  "implementation": "org.spectrumauctions.sats.core.model.gsvm.GSVMBidder"
}