{
  "bidderPosition": 4,
  "values": {
    "16": 13.31555010136153072153319953940808773040771484375,
    "17": 16.513799433770596891690729535184800624847412109375,
    "8": 19.207485868955945562674969551153481006622314453125,
    "9": 3.188492380331393594161681903642602264881134033203125,
    "10": 6.61778505819442131041796528734266757965087890625,
    "11": 4.055957525697674981302043306641280651092529296875
  },
  "setupType": "Regional Bidder Setup",
  "population": 0,
  "id": 4,
  "worldId": 41,
  "implementation": "org.spectrumauctions.sats.core.model.gsvm.GSVMBidder"
}