{
  "bidderPosition": 2,
  "values": {
    "4": 2.745070489202259267358385841362178325653076171875,
    "5": 4.9205551493547883268320219940505921840667724609375,
    "6": 13.78245259205132100532864569686353206634521484375,
    "7": 22.35295987188916200238963938318192958831787109375,
    "14": 0.02133714437768663430006199632771313190460205078125,
    "15": 15.0454150500518029076602033455856144428253173828125
  },
  "setupType": "Regional Bidder Setup",
  "population": 0,
  "id": 2,
  "worldId": 41,
  "implementation": "org.spectrumauctions.sats.core.model.gsvm.GSVMBidder"
}