{
  "bidderPosition": 5,
  "values": {
    "0": 19.733659501273830727541280793957412242889404296875,
    "1": 18.126010566145136948534855036996304988861083984375,
    "17": 14.7820313609481228667164032231085002422332763671875,
    "10": 18.96115408459155560194631107151508331298828125,
    "11": 15.0099693864822683053716900758445262908935546875,
    "12": 4.6943685515480382264286163263022899627685546875
  },
  "setupType": "Regional Bidder Setup",
  "population": 0,
  "id": 5,
  "worldId": 41,
  "implementation": "org.spectrumauctions.sats.core.model.gsvm.GSVMBidder"
}