{
  "bidderPosition": -1,
  "values": {
    "0": 3.385354201134209706225419722613878548145294189453125,
    "1": 0.4381679045626085677866967671434395015239715576171875,
    "2": 4.08507152009817264826097016339190304279327392578125,
    "3": 4.82055819690545916955670691095292568206787109375,
    "4": 3.412584414478117000868451214046217501163482666015625,
    "5": 15.575886530274569707898990600369870662689208984375,
    "6": 1.43959090245928233997574352542869746685028076171875,
    "7": 13.184168844582444535262766294181346893310546875,
    "8": 7.6959627282666414060940951458178460597991943359375,
    "9": 1.602460398418676934539917056099511682987213134765625,
    "10": 0.626650208626091664854129703599028289318084716796875,
    "11": 7.1963617187582169520965180709026753902435302734375
  },
  "setupType": "National Bidder Setup",
  "population": 0,
  "id": 6,
  "worldId": 41,
  "implementation": "org.spectrumauctions.sats.core.model.gsvm.GSVMBidder"
}