{
  "bidderPosition": 1,
  "values": {
    "2": 19.18183749327778997439963859505951404571533203125,
    "3": 13.0270017341339734429084273870103061199188232421875,
    "4": 32.31389301280236026059355936013162136077880859375,
    "5": 20.69901767051555196985646034590899944305419921875,
    "13": 13.7580853723534612953471878427080810070037841796875,
    "14": 1.757043158805213778350662323646247386932373046875
  },
  "setupType": "Regional Bidder Setup",
  "population": 0,
  "id": 1,
  "worldId": 41,
  "implementation": "org.spectrumauctions.sats.core.model.gsvm.GSVMBidder"
}