{
  "bidderPosition": 1,
  "values": {
    "2": 5.35841477068648597281708134687505662441253662109375,
    "3": 4.5666987054049030803071218542754650115966796875,
    "4": 0.62193420559277345915916157537139952182769775390625,
    "5": 28.635600573569615079350114683620631694793701171875,
    "13": 14.97685522215181919136739452369511127471923828125,
    "14": 9.377652821172734576293805730529129505157470703125
  },
  "setupType": "Regional Bidder Setup",
  "population": 0,
  "id": 1,
  "worldId": 26,
  "implementation": "org.spectrumauctions.sats.core.model.gsvm.GSVMBidder"
}