{
  "bidderPosition": 3,
  "values": {
    "16": 19.282210288565746481026508263312280178070068359375,
    "6": 35.85655188221658562497395905666053295135498046875,
    "7": 15.926274974863151356885282439179718494415283203125,
    "8": 0.421210936165026250677101415931247174739837646484375,
    "9": 12.5054521727658407570515919360332190990447998046875,
    "15": 1.832297316836870582079654923290945589542388916015625
  },
  "setupType": "Regional Bidder Setup",
  "population": 0,
  "id": 3,
  "worldId": 26,
  "implementation": "org.spectrumauctions.sats.core.model.gsvm.GSVMBidder"
}