{
  "bidderPosition": 2,
  "values": {
    "4": 34.762581373133372153461095876991748809814453125,
    "5": 20.796847680023319071551668457686901092529296875,
    "6": 7.95112288007196799100029238616116344928741455078125,
    "7": 0.8189080081299326963062412687577307224273681640625,
    "14": 9.981360947540139250122592784464359283447265625,
    "15": 13.4631029898881156015022497740574181079864501953125
  },
  "setupType": "Regional Bidder Setup",
  "population": 0,
  "id": 2,
  "worldId": 26,
  "implementation": "org.spectrumauctions.sats.core.model.gsvm.GSVMBidder"
}