{
  "bidderPosition": 5,
  "values": {
    "0": 13.87912239770671618543929071165621280670166015625,
    "1": 15.950056008968228837829883559606969356536865234375,
    "17": 10.0845285979436827261679354705847799777984619140625,
    "10": 8.682373107101820863817920326255261898040771484375,
    "11": 10.2802521762630565405061133787967264652252197265625,
    "12": 6.8534001445262209273323605884797871112823486328125
  },
  "setupType": "Regional Bidder Setup",
  "population": 0,
  "id": 5,
  "worldId": 26,
  "implementation": "org.spectrumauctions.sats.core.model.gsvm.GSVMBidder"
}