{
  "bidderPosition": 4,
  "values": {
    "16": 15.5941276713718739443947924883104860782623291015625,
    "17": 17.76771828728346491743650403805077075958251953125,
    "8": 9.4112259981927781637978114304132759571075439453125,
    "9": 17.391676066981769821495618089102208614349365234375,
    "10": 11.1865477571831899439303015242330729961395263671875,
    "11": 14.392861113595277089416413218714296817779541015625
  },
  "setupType": "Regional Bidder Setup",
  "population": 0,
  "id": 4,
  "worldId": 26,
  "implementation": "org.spectrumauctions.sats.core.model.gsvm.GSVMBidder"
}