{
  "bidderPosition": -1,
  "values": {
    "0": 7.20169256073189156808211919269524514675140380859375,
    "1": 3.45863148535765407842745844391174614429473876953125,
    "2": 2.2159173134966891893782303668558597564697265625,
    "3": 1.56691741611168833259171151439659297466278076171875,
    "4": 3.38534060868489472539977214182727038860321044921875,
    "5": 4.3173917592889576866355128004215657711029052734375,
    "6": 18.410410397257177095298175117932260036468505859375,
    "7": 1.79442415692095291745999929844401776790618896484375,
    "8": 8.061132236179400223363700206391513347625732421875,
    "9": 5.02128110865307863974749125191010534763336181640625,
    "10": 8.9511338362995243045361348777078092098236083984375,
    "11": 3.481179594394963050518754243967123329639434814453125
  },
  "setupType": "National Bidder Setup",
  "population": 0,
  "id": 6,
  "worldId": 26,
  "implementation": "org.spectrumauctions.sats.core.model.gsvm.GSVMBidder"
}