{
  "bidderPosition": 0,
  "values": {
    "0": 10.3268876807779914628326878300867974758148193359375,
    "1": 19.8602271255036981756347813643515110015869140625,
    "2": 15.8942650767568078862268521334044635295867919921875,
    "3": 16.852257283164629342309126514010131359100341796875,
    "12": 4.958435850209188089365852647460997104644775390625,
    "13": 2.479020083236715965568919273209758102893829345703125
  },
  "setupType": "Regional Bidder Setup",
  "population": 0,
  "id": 0,
  "worldId": 26,
  "implementation": "org.spectrumauctions.sats.core.model.gsvm.GSVMBidder"
}