{
  "bidderPosition": -1,
  "values": {
    "0": 4.5038057659700285739745595492422580718994140625,
    "1": 7.39371892939715369408304468379355967044830322265625,
    "2": 1.1241567186527123833883479164796881377696990966796875,
    "3": 3.3422492582331795318850709008984267711639404296875,
    "4": 3.556163579176347955268511213944293558597564697265625,
    "5": 19.731270142133183753685443662106990814208984375,
    "6": 15.509361376470309323849505744874477386474609375,
    "7": 10.017917242843115133155151852406561374664306640625,
    "8": 8.7369511369323031857447858783416450023651123046875,
    "9": 2.430363776276267540055187055259011685848236083984375,
    "10": 7.247913714423845021883607842028141021728515625,
    "11": 9.6834287761459361121296751662157475948333740234375
  },
  "setupType": "National Bidder Setup",
  "population": 0,
  "id": 6,
  "worldId": 10,
  "implementation": "org.spectrumauctions.sats.core.model.gsvm.GSVMBidder"
}