{
  "bidderPosition": 5,
  "values": {
    "0": 13.864283960664948835983523167669773101806640625,
    "1": 17.5073594143137114542696508578956127166748046875,
    "17": 12.211106885541322952803966472856700420379638671875,
    "10": 14.2757496858230918945764642558060586452484130859375,
    "11": 2.7566144132625414187032220070250332355499267578125,
    "12": 5.0549481698769938020632253028452396392822265625
  },
  "setupType": "Regional Bidder Setup",
  "population": 0,
  "id": 5,
  "worldId": 10,
  "implementation": "org.spectrumauctions.sats.core.model.gsvm.GSVMBidder"
}