{
  "bidderPosition": 0,
  "values": {
    "0": 16.887238954040984850735185318626463413238525390625,
    "1": 6.7978559913796114955175653449259698390960693359375,
    "2": 7.04121783296676628793875352130271494388580322265625,
    "3": 9.303028110235619152490471606142818927764892578125,
    "12": 15.300538606306286482094947132281959056854248046875,
    "13": 0.28976472371578854136942027253098785877227783203125
  },
  "setupType": "Regional Bidder Setup",
  "population": 0,
  "id": 0,
  "worldId": 10,
  "implementation": "org.spectrumauctions.sats.core.model.gsvm.GSVMBidder"
}