{
  "bidderPosition": 1,
  "values": {
    "2": 5.0673239822102633667100235470570623874664306640625,
    "3": 10.66259726269363028450243291445076465606689453125,
    "4": 6.88037289552186681618195507326163351535797119140625,
    "5": 30.3206740570010850888138520531356334686279296875,
    "13": 11.4715292800803041473045595921576023101806640625,
    "14": 13.316958234201361932491636252962052822113037109375
  },
  "setupType": "Regional Bidder Setup",
  "population": 0,
  "id": 1,
  "worldId": 10,
  "implementation": "org.spectrumauctions.sats.core.model.gsvm.GSVMBidder"
}