{
  "bidderPosition": 2,
  "values": {
    "4": 25.4077028481503788270856603048741817474365234375,
    "5": 15.1078526073520347239309558062814176082611083984375,
    "6": 9.23490673069265000094674178399145603179931640625,
    "7": 15.094121966633991860362584702670574188232421875,
    "14": 5.4030332067319459810050830128602683544158935546875,
    "15": 3.57094657633564072085619045537896454334259033203125
  },
  "setupType": "Regional Bidder Setup",
  "population": 0,
  "id": 2,
  "worldId": 10,
  "implementation": "org.spectrumauctions.sats.core.model.gsvm.GSVMBidder"
}