{
  "bidderPosition": 3,
  "values": {
    "16": 18.8653566504047063290272490121424198150634765625,
    "6": 31.592095535617158219565681065432727336883544921875,
    "7": 6.442162654368868146548265940509736537933349609375,
    "8": 10.69009058386864552403494599275290966033935546875,
    "9": 18.74973985704999535073511651717126369476318359375,
    "15": 13.088313009405244002891777199693024158477783203125
  },
  "setupType": "Regional Bidder Setup",
  "population": 0,
  "id": 3,
  "worldId": 10,
  "implementation": "org.spectrumauctions.sats.core.model.gsvm.GSVMBidder"
}