{
  "bidderPosition": 4,
  "values": {
    "16": 4.9603120034210395061791132320649921894073486328125,
    "17": 5.132330236598960482297115959227085113525390625,
    "8": 15.817375492868567476989483111537992954254150390625,
    "9": 0.16385796610775660298031652928330004215240478515625,
    "10": 16.177340422840419620342800044454634189605712890625,
    "11": 19.61525554620777000991438399069011211395263671875
  },
  "setupType": "Regional Bidder Setup",
  "population": 0,
  "id": 4,
  "worldId": 10,
  "implementation": "org.spectrumauctions.sats.core.model.gsvm.GSVMBidder"
}