{
  "bidderPosition": 0,
  "values": {
    "0": 8.0404607356524930850127930170856416225433349609375,
    "1": 19.234252382889987842418122454546391963958740234375,
    "2": 10.5009571050008982950885183527134358882904052734375,
    "3": 12.3880838534183101984353925217874348163604736328125,
    "12": 1.358667036706930897338452268741093575954437255859375,
    "13": 6.43713326947522812560009697335772216320037841796875
  },
  "setupType": "Regional Bidder Setup",
  "population": 0,
  "id": 0,
  "worldId": 13,
  "implementation": "org.spectrumauctions.sats.core.model.gsvm.GSVMBidder"
}