{
  "bidderPosition": 1,
  "values": {
    "2": 19.789824382336082209121741470880806446075439453125,
    "3": 1.81344346336244743866927819908596575260162353515625,
    "4": 33.81004656148520126635048654861748218536376953125,
    "5": 14.229547832527128292667839559726417064666748046875,
    "13": 4.6031748624842645511989758233539760112762451171875,
    "14": 12.977210042830915170952721382491290569305419921875
  },
  "setupType": "Regional Bidder Setup",
  "population": 0,
  "id": 1,
  "worldId": 13,
  "implementation": "org.spectrumauctions.sats.core.model.gsvm.GSVMBidder"
}