{
  "bidderPosition": 3,
  "values": {
    "16": 4.29898115854882245656654049525968730449676513671875,
    "6": 25.07819039141491401778694125823676586151123046875,
    "7": 30.082908410251864239626229391433298587799072265625,
    "8": 0.7543818777261801500344517990015447139739990234375,
    "9": 19.0538912503660498032331815920770168304443359375,
    "15": 9.772758520387451852684534969739615917205810546875
  },
  "setupType": "Regional Bidder Setup",
  "population": 0,
  "id": 3,
  "worldId": 13,
  "implementation": "org.spectrumauctions.sats.core.model.gsvm.GSVMBidder"
}