{
  "bidderPosition": -1,
  "values": {
    "0": 4.3048782787467043675633249222300946712493896484375,
    "1": 6.57241895559668076742809716961346566677093505859375,
    "2": 6.456405962537811404899912304244935512542724609375,
    "3": 4.2706724423252868660938474931754171848297119140625,
    "4": 12.421090810210824173509536194615066051483154296875,
    "5": 0.803719342900499622572851876611821353435516357421875,
    "6": 6.3192461637114138994775203173048794269561767578125,
    "7": 6.70174004316896887445409447536803781986236572265625,
    "8": 7.839210974479893678790176636539399623870849609375,
    "9": 5.51839554495388373567266171448864042758941650390625,
    "10": 5.34269180672408339205503580160439014434814453125,
    "11": 1.9790645476186752294012194397510029375553131103515625
  },
  "setupType": "National Bidder Setup",
  "population": 0,
  "id": 6,
  "worldId": 13,
  "implementation": "org.spectrumauctions.sats.core.model.gsvm.GSVMBidder"
}