{
  "bidderPosition": 4,
  "values": {
    "16": 12.7520822012791956723276598495431244373321533203125,
    "17": 1.651406670239008445122408375027589499950408935546875,
    "8": 10.47555745654369019348450819961726665496826171875,
    "9": 9.907516457944335996899098972789943218231201171875,
    "10": 18.0043274001700410735793411731719970703125,
    "11": 7.5866441264530788401998506742529571056365966796875
  },
  "setupType": "Regional Bidder Setup",
  "population": 0,
  "id": 4,
  "worldId": 13,
  "implementation": "org.spectrumauctions.sats.core.model.gsvm.GSVMBidder"
}