{
  "bidderPosition": 2,
  "values": {
    "4": 37.81679089003222316023311577737331390380859375,
    "5": 6.1126808963511347627672876114957034587860107421875,
    "6": 7.113842552059868040714718517847359180450439453125,
    "7": 3.617401932615269544157854397781193256378173828125,
    "14": 17.448213637477238080464303493499755859375,
    "15": 8.485936100413706384415490902028977870941162109375
  },
  "setupType": "Regional Bidder Setup",
  "population": 0,
  "id": 2,
  "worldId": 13,
  "implementation": "org.spectrumauctions.sats.core.model.gsvm.GSVMBidder"
}