{
  "bidderPosition": 5,
  "values": {
    "0": 13.5299851693779231709413579665124416351318359375,
    "1": 9.8262224283757344522882704040966928005218505859375,
    "17": 15.5533576114908296261774012236855924129486083984375,
    "10": 6.39694536324236562307987696840427815914154052734375,
    "11": 6.19695335632528543357011585612781345844268798828125,
    "12": 7.7106680189551735082886807504110038280487060546875
  },
  "setupType": "Regional Bidder Setup",
  "population": 0,
  "id": 5,
  "worldId": 13,
  "implementation": "org.spectrumauctions.sats.core.model.gsvm.GSVMBidder"
}