{
  "bidderPosition": 1,
  "values": {
    "2": 15.4366709145684097848061355762183666229248046875,
    "3": 12.5268084528032233038175036199390888214111328125,
    "4": 6.2626633250190000268275980488397181034088134765625,
    "5": 16.662581767868775983743034885264933109283447265625,
    "13": 4.4947121328841728171710201422683894634246826171875,
    "14": 11.242331126215820091829300508834421634674072265625
  },
  "setupType": "Regional Bidder Setup",
  "population": 0,
  "id": 1,
  "worldId": 43,
  "implementation": "org.spectrumauctions.sats.core.model.gsvm.GSVMBidder"
}