{
  "bidderPosition": 5,
  "values": {
    "0": 17.41818957812390777917244122363626956939697265625,
    "1": 13.697214862717284944437778904102742671966552734375,
    "17": 7.444444410039022130831654067151248455047607421875,
    "10": 12.84929542194107199293284793384373188018798828125,
    "11": 10.6538049161243559836975691723637282848358154296875,
    "12": 6.69598141938856361576881681685335934162139892578125
  },
  "setupType": "Regional Bidder Setup",
  "population": 0,
  "id": 5,
  "worldId": 43,
  "implementation": "org.spectrumauctions.sats.core.model.gsvm.GSVMBidder"
}