{
  "bidderPosition": 2,
  "values": {
    "4": 19.770733432539454810239476501010358333587646484375,
    "5": 4.01102446985442728788484600954689085483551025390625,
    "6": 27.5890513533883989794048829935491085052490234375,
    "7": 23.56160597999092942700372077524662017822265625,
    "14": 0.35293104051316692704176603001542389392852783203125,
    "15": 14.512147029352195914952972088940441608428955078125
  },
  "setupType": "Regional Bidder Setup",
  "population": 0,
  "id": 2,
  "worldId": 43,
  "implementation": "org.spectrumauctions.sats.core.model.gsvm.GSVMBidder"
}