{
  "bidderPosition": 3,
  "values": {
    "16": 11.25579130072629396863703732378780841827392578125,
    "6": 6.64305926757204900923170498572289943695068359375,
    "7": 5.26895351862297189882156089879572391510009765625,
    "8": 15.8860894221051491825846824212931096553802490234375,
    "9": 1.073057170159297246669893866055645048618316650390625,
    "15": 6.23611338743018706054499489255249500274658203125
  },
  "setupType": "Regional Bidder Setup",
  "population": 0,
  "id": 3,
  "worldId": 43,
  "implementation": "org.spectrumauctions.sats.core.model.gsvm.GSVMBidder"
}