{
  "bidderPosition": 0,
  "values": {
    "0": 19.064075305708865215592595632188022136688232421875,
    "1": 8.8809836958709009735457584611140191555023193359375,
    "2": 17.234662428791608590472606010735034942626953125,
    "3": 1.098452222284069801361283680307678878307342529296875,
    "12": 7.56424514748513132644802681170403957366943359375,
    "13": 8.7562850653756374441627485794015228748321533203125
  },
  "setupType": "Regional Bidder Setup",
  "population": 0,
  "id": 0,
  "worldId": 43,
  "implementation": "org.spectrumauctions.sats.core.model.gsvm.GSVMBidder"
}