{
  "bidderPosition": -1,
  "values": {
    "0": 0.4106284623875755546151822272804565727710723876953125,
    "1": 2.7300728520896075934842883725650608539581298828125,
    "2": 5.76590108365728770678515502368099987506866455078125,
    "3": 7.6022671552174987397165750735439360141754150390625,
    "4": 16.29290701914663230809310334734618663787841796875,
    "5": 10.1288948144804553663789192796684801578521728515625,
    "6": 16.083639729297726006507218698970973491668701171875,
    "7": 9.7504800000560383210768122808076441287994384765625,
    "8": 7.9418445416178986562272257287986576557159423828125,
    "9": 7.1561019777307848244163324125111103057861328125,
    "10": 7.821525236573766193259871215559542179107666015625,
    "11": 1.1169328788806531793653675777022726833820343017578125
  },
  "setupType": "National Bidder Setup",
  "population": 0,
  "id": 6,
  "worldId": 43,
  "implementation": "org.spectrumauctions.sats.core.model.gsvm.GSVMBidder"
}