{
  "bidderPosition": 4,
  "values": {
    "16": 16.4919413313779870122743886895477771759033203125,
    "17": 9.2976897356565562091645915643312036991119384765625,
    "8": 14.900950081993361351351268240250647068023681640625,
    "9": 15.5190149897335079032245630514807999134063720703125,
    "10": 1.1385733648798890271791606210172176361083984375,
    "11": 11.33996427767672088293693377636373043060302734375
  },
  "setupType": "Regional Bidder Setup",
  "population": 0,
  "id": 4,
  "worldId": 43,
  "implementation": "org.spectrumauctions.sats.core.model.gsvm.GSVMBidder"
}