{
  "bidderPosition": 1,
  "values": {
    "2": 5.96974998298928749562719531240873038768768310546875,
    "3": 4.49055715542215683200311104883439838886260986328125,
    "4": 36.27968672183252607510439702309668064117431640625,
    "5": 24.69071771199160281184958876110613346099853515625,
    "13": 12.1681040433809339873505450668744742870330810546875,
    "14": 13.843196876852257304335580556653439998626708984375
  },
  "setupType": "Regional Bidder Setup",
  "population": 0,
  "id": 1,
  "worldId": 0,
  "implementation": "org.spectrumauctions.sats.core.model.gsvm.GSVMBidder"
}