{
  "bidderPosition": 3,
  "values": {
    "16": 16.3831436357631758937714039348065853118896484375,
    "6": 12.94848283530347288206030498258769512176513671875,
    "7": 2.7244315493730208999068054254166781902313232421875,
    "8": 1.273057048296608595450152279227040708065032958984375,
    "9": 13.551934150811856483187511912547051906585693359375,
    "15": 1.02326044693491713388766584102995693683624267578125
  },
  "setupType": "Regional Bidder Setup",
  "population": 0,
  "id": 3,
  "worldId": 0,
  "implementation": "org.spectrumauctions.sats.core.model.gsvm.GSVMBidder"
}