{
  "bidderPosition": 0,
  "values": {
    "0": 1.086982461685186418520743245608173310756683349609375,
    "1": 1.475443406087955100502995264832861721515655517578125,
    "2": 14.9497157630664840866074882796965539455413818359375,
    "3": 8.9096182887461026211894932202994823455810546875,
    "12": 18.15368339694949639806509367190301418304443359375,
    "13": 2.85308035189757891458839367260225117206573486328125
  },
  "setupType": "Regional Bidder Setup",
  "population": 0,
  "id": 0,
  "worldId": 0,
  "implementation": "org.spectrumauctions.sats.core.model.gsvm.GSVMBidder"
}