{
  "bidderPosition": 4,
  "values": {
    "16": 7.5425284733679394122418671031482517719268798828125,
    "17": 13.283263963084579017959185875952243804931640625,
    "8": 18.51594368975946736100013367831707000732421875,
    "9": 3.204677409725231740367235033772885799407958984375,
    "10": 7.5106986539382010192866800935007631778717041015625,
    "11": 0.01533324476659547741519418195821344852447509765625
  },
  "setupType": "Regional Bidder Setup",
  "population": 0,
  "id": 4,
  "worldId": 0,
  "implementation": "org.spectrumauctions.sats.core.model.gsvm.GSVMBidder"
}