{
  "bidderPosition": 2,
  "values": {
    "4": 23.78941260417575875862894463352859020233154296875,
    "5": 6.50532977864858974470507746445946395397186279296875,
    "6": 21.5454530154675154562937677837908267974853515625,
    "7": 19.143322515687142271190168685279786586761474609375,
    "14": 0.548997145059073599071552962413989007472991943359375,
    "15": 10.8636843000540412873533568927086889743804931640625
  },
  "setupType": "Regional Bidder Setup",
  "population": 0,
  "id": 2,
  "worldId": 0,
  "implementation": "org.spectrumauctions.sats.core.model.gsvm.GSVMBidder"
}