{
  "bidderPosition": 5,
  "values": {
    "0": 3.114522114630886573394263905356638133525848388671875,
    "1": 8.03995922367584370249460334889590740203857421875,
    "17": 11.157539854656956634926245897077023983001708984375,
    "10": 7.8692307332065087877026599016971886157989501953125,
    "11": 14.188837318337494508568852324970066547393798828125,
    "12": 14.721317290365870888990684761665761470794677734375
  },
  "setupType": "Regional Bidder Setup",
  "population": 0,
  "id": 5,
  "worldId": 0,
  "implementation": "org.spectrumauctions.sats.core.model.gsvm.GSVMBidder"
}