{
  "bidderPosition": -1,
  "values": {
    "0": 5.42950882915990273858142245444469153881072998046875,
    "1": 6.309331840905461064039627672173082828521728515625,
    "2": 3.65594571457302119910082183196209371089935302734375,
    "3": 5.4164380371526714696983617614023387432098388671875,
    "4": 7.2121447979263653138559675426222383975982666015625,
    "5": 6.989713327727731240202047047205269336700439453125,
    "6": 17.3565990107131966624365304596722126007080078125,
    "7": 2.936837452245393276228924150927923619747161865234375,
    "8": 5.054304046741055600477920961566269397735595703125,
    "9": 5.0909501878830187848734567523933947086334228515625,
    "10": 9.910831006506054308147213305346667766571044921875,
    "11": 7.26918121040724685144596151076257228851318359375
  },
  "setupType": "National Bidder Setup",
  "population": 0,
  "id": 6,
  "worldId": 0,
  "implementation": "org.spectrumauctions.sats.core.model.gsvm.GSVMBidder"
}