{
  "bidderPosition": 4,
  "values": {
    "16": 18.71547540991080182948280707933008670806884765625,
    "17": 5.44488727619483636743780152755789458751678466796875,
    "8": 1.8172092550992591242220441927202045917510986328125,
    "9": 13.394701495191643658699831576086580753326416015625,
    "10": 13.2830349181924685098010741057805716991424560546875,
    "11": 18.05583734619136038190845283679664134979248046875
  },
  "setupType": "Regional Bidder Setup",
  "population": 0,
  "id": 4,
  "worldId": 11,
  "implementation": "org.spectrumauctions.sats.core.model.gsvm.GSVMBidder"
}