{
  "bidderPosition": 0,
  "values": {
    "0": 0.89069650524634003119217595667578279972076416015625,
    "1": 7.80572927138745153996524095418862998485565185546875,
    "2": 12.6028949321029841712515917606651782989501953125,
    "3": 9.32289690810315363478366634808480739593505859375,
    "12": 10.29481288784467807317923870868980884552001953125,
    "13": 13.13623109048710801971537875942885875701904296875
  },
  "setupType": "Regional Bidder Setup",
  "population": 0,
  "id": 0,
  "worldId": 11,
  "implementation": "org.spectrumauctions.sats.core.model.gsvm.GSVMBidder"
}