{
  "bidderPosition": -1,
  "values": {
    "0": 8.4484348567021765319395854021422564983367919921875,
    "1": 9.3967356672725106392363159102387726306915283203125,
    "2": 5.6282608451539370975069687119685113430023193359375,
    "3": 4.45804110393687125224460032768547534942626953125,
    "4": 11.1434631893599345175971393473446369171142578125,
    "5": 2.30686809866140318803218178800307214260101318359375,
    "6": 18.21019475861407244110523606650531291961669921875,
    "7": 10.64160932288327643391312449239194393157958984375,
    "8": 4.21583536271952308283061938709579408168792724609375,
    "9": 9.4075485966618455080379135324619710445404052734375,
    "10": 9.0221764258577792361393221653997898101806640625,
    "11": 0.1508916341390953430590116113307885825634002685546875
  },
  "setupType": "National Bidder Setup",
  "population": 0,
  "id": 6,
  "worldId": 11,
  "implementation": "org.spectrumauctions.sats.core.model.gsvm.GSVMBidder"
}