{
  "bidderPosition": 5,
  "values": {
    "0": 0.50960808038483573767507550655864179134368896484375,
    "1": 13.3257963987973671038389511522836983203887939453125,
    "17": 17.5740843947903755406514392234385013580322265625,
    "10": 18.893877468257326057710088207386434078216552734375,
    "11": 16.9289336560767509354263893328607082366943359375,
    "12": 15.17019971965777358491322956979274749755859375
  },
  "setupType": "Regional Bidder Setup",
  "population": 0,
  "id": 5,
  "worldId": 11,
  "implementation": "org.spectrumauctions.sats.core.model.gsvm.GSVMBidder"
}