{
  "bidderPosition": 1,
  "values": {
    "2": 18.713587612455992115201297565363347530364990234375,
    "3": 17.54437737236514038841050933115184307098388671875,
    "4": 22.615137345311939753855767776258289813995361328125,
    "5": 31.27545745095620333131591905839741230010986328125,
    "13": 9.529668004737583686392099480144679546356201171875,
    "14": 3.090310061665333396518917652429081499576568603515625
  },
  "setupType": "Regional Bidder Setup",
  "population": 0,
  "id": 1,
  "worldId": 11,
  "implementation": "org.spectrumauctions.sats.core.model.gsvm.GSVMBidder"
}