{
  "bidderPosition": 2,
  "values": {
    "4": 32.37921983129280079083400778472423553466796875,
    "5": 31.4174113676734378941546310670673847198486328125,
    "6": 13.946566633055365258542224182747304439544677734375,
    "7": 37.964367026902635871010716073215007781982421875,
    "14": 5.63177097810423799018053614418022334575653076171875,
    "15": 7.05379433305985070745691700722090899944305419921875
  },
  "setupType": "Regional Bidder Setup",
  "population": 0,
  "id": 2,
  "worldId": 11,
  "implementation": "org.spectrumauctions.sats.core.model.gsvm.GSVMBidder"
}