{
  "bidderPosition": 3,
  "values": {
    "16": 10.6088167521311920182824906078167259693145751953125,
    "6": 32.45958033955366772715933620929718017578125,
    "7": 30.402748413867652033104604925028979778289794921875,
    "8": 17.20921827716026797361337230540812015533447265625,
    "9": 2.76944626550412298371384167694486677646636962890625,
    "15": 4.92421400246325635663424691301770508289337158203125
  },
  "setupType": "Regional Bidder Setup",
  "population": 0,
  "id": 3,
  "worldId": 11,
  "implementation": "org.spectrumauctions.sats.core.model.gsvm.GSVMBidder"
}