{
  "bidderPosition": 3,
  "values": {
    "16": 15.6428728892058561683597872615791857242584228515625,
    "6": 17.7431911714774059873889200389385223388671875,
    "7": 35.62516600518815579334841459058225154876708984375,
    "8": 16.974027164848990878454060293734073638916015625,
    "9": 18.1680431841054286223879898898303508758544921875,
    "15": 15.2079862758311517012543845339678227901458740234375
  },
  "setupType": "Regional Bidder Setup",
  "population": 0,
  "id": 3,
  "worldId": 14,
  "implementation": "org.spectrumauctions.sats.core.model.gsvm.GSVMBidder"
}