{
  "bidderPosition": -1,
  "values": {
    "0": 4.9045137041396085209044031216762959957122802734375,
    "1": 2.163873685683135317248115825350396335124969482421875,
    "2": 1.4070289987872108827815509357606060802936553955078125,
    "3": 8.165111269604924615350682870484888553619384765625,
    "4": 4.172368878171965889123384840786457061767578125,
    "5": 7.555203585101519792033286648802459239959716796875,
    "6": 5.7309206939929939750300036394037306308746337890625,
    "7": 6.12178741352134903053183734300546348094940185546875,
    "8": 0.4352696519279708464722489225096069276332855224609375,
    "9": 8.35771658799922789739866857416927814483642578125,
    "10": 3.374518657471250460133660453720949590206146240234375,
    "11": 1.3427392048414088510099873019498772919178009033203125
  },
  "setupType": "National Bidder Setup",
  "population": 0,
  "id": 6,
  "worldId": 14,
  "implementation": "org.spectrumauctions.sats.core.model.gsvm.GSVMBidder"
}