{
  "bidderPosition": 0,
  "values": {
    "0": 17.0750930860344993789112777449190616607666015625,
    "1": 3.670266576649623413430845175753347575664520263671875,
    "2": 4.0119696448081239026350885978899896144866943359375,
    "3": 18.63011118264302723446235177107155323028564453125,
    "12": 7.89124445779520300447984482161700725555419921875,
    "13": 11.40094463627206522460255655460059642791748046875
  },
  "setupType": "Regional Bidder Setup",
  "population": 0,
  "id": 0,
  "worldId": 14,
  "implementation": "org.spectrumauctions.sats.core.model.gsvm.GSVMBidder"
}