{
  "bidderPosition": 4,
  "values": {
    "16": 0.37831282509295238725144372438080608844757080078125,
    "17": 9.069636873196682103070997982285916805267333984375,
    "8": 4.248991613449614845876567414961755275726318359375,
    "9": 1.557329811874723635156669843127019703388214111328125,
    "10": 17.092138320326892397815754520706832408905029296875,
    "11": 6.36295475012210953735802831943146884441375732421875
  },
  "setupType": "Regional Bidder Setup",
  "population": 0,
  "id": 4,
  "worldId": 14,
  "implementation": "org.spectrumauctions.sats.core.model.gsvm.GSVMBidder"
}