{
  "bidderPosition": 2,
  "values": {
    "4": 39.33383220807893820847311872057616710662841796875,
    "5": 8.26543887565545531970201409421861171722412109375,
    "6": 18.08635728912139484236831776797771453857421875,
    "7": 31.3119821916788083626670413650572299957275390625,
    "14": 16.624503190446745293229469098150730133056640625,
    "15": 3.61402987265289521445765785756520926952362060546875
  },
  "setupType": "Regional Bidder Setup",
  "population": 0,
  "id": 2,
  "worldId": 14,
  "implementation": "org.spectrumauctions.sats.core.model.gsvm.GSVMBidder"
}