{
  "bidderPosition": 5,
  "values": {
    "0": 5.0033891782434380957056418992578983306884765625,
    "1": 0.333135332229994585162557996227405965328216552734375,
    "17": 6.72184697012813359151550685055553913116455078125,
    "10": 14.0067762759994138832553289830684661865234375,
    "11": 3.87715768241290614781746626249514520168304443359375,
    "12": 18.06312627930336844883640878833830356597900390625
  },
  "setupType": "Regional Bidder Setup",
  "population": 0,
  "id": 5,
  "worldId": 14,
  "implementation": "org.spectrumauctions.sats.core.model.gsvm.GSVMBidder"
}