{
  "bidderPosition": 1,
  "values": {
    "2": 14.504006723714045534734395914711058139801025390625,
    "3": 13.16545278991079470642944215796887874603271484375,
    "4": 31.84232634537578832123472238890826702117919921875,
    "5": 37.23398472169291295585935586132109165191650390625,
    "13": 3.917224014086659877875717938877642154693603515625,
    "14": 4.6311938189205132943015996715985238552093505859375
  },
  "setupType": "Regional Bidder Setup",
  "population": 0,
  "id": 1,
  "worldId": 14,
  "implementation": "org.spectrumauctions.sats.core.model.gsvm.GSVMBidder"
}