{
  "bidderPosition": 1,
  "values": {
    "2": 10.2764796137333913605971247307024896144866943359375,
    "3": 7.5331278195734281410977928317151963710784912109375,
    "4": 36.6074840176841433958543348126113414764404296875,
    "5": 2.492574483156229092628564103506505489349365234375,
    "13": 1.61486288576121683746578128193505108356475830078125,
    "14": 12.2564853290015065567786223255097866058349609375
  },
  "setupType": "Regional Bidder Setup",
  "population": 0,
  "id": 1,
  "worldId": 9,
  "implementation": "org.spectrumauctions.sats.core.model.gsvm.GSVMBidder"
}