{
  "bidderPosition": -1,
  "values": {
    "0": 6.85775782650100662607428603223524987697601318359375,
    "1": 4.44588125080834206670488129020668566226959228515625,
    "2": 3.935548548460501283585699638933874666690826416015625,
    "3": 4.9486841089808280003126128576695919036865234375,
    "4": 14.8778100552901353381685112253762781620025634765625,
    "5": 1.48116353036577219626224177773110568523406982421875,
    "6": 17.195496092670648380362763418816030025482177734375,
    "7": 13.4290332597049673069022901472635567188262939453125,
    "8": 1.310850128477631937329306310857646167278289794921875,
    "9": 9.0257051191679078527840829337947070598602294921875,
    "10": 3.999205223611814741246917037642560899257659912109375,
    "11": 8.75649442126922394891153089702129364013671875
  },
  "setupType": "National Bidder Setup",
  "population": 0,
  "id": 6,
  "worldId": 9,
  "implementation": "org.spectrumauctions.sats.core.model.gsvm.GSVMBidder"
}