{
  "bidderPosition": 0,
  "values": {
    "0": 19.1019662777597289959885529242455959320068359375,
    "1": 6.55117174371667942978092469274997711181640625,
    "2": 1.5181850298171095658972262754105031490325927734375,
    "3": 0.595791772483018622352801685337908565998077392578125,
    "12": 14.03414913743730352280181250534951686859130859375,
    "13": 15.765660097404417427924272487871348857879638671875
  },
  "setupType": "Regional Bidder Setup",
  "population": 0,
  "id": 0,
  "worldId": 9,
  "implementation": "org.spectrumauctions.sats.core.model.gsvm.GSVMBidder"
}