{
  "bidderPosition": 5,
  "values": {
    "0": 10.178285958845467717992505640722811222076416015625,
    "1": 16.568623704316877365272375755012035369873046875,
    "17": 19.386605775686774677524226717650890350341796875,
    "10": 16.11266104775283025674070813693106174468994140625,
    "11": 7.44006496014005147543457496794871985912322998046875,
    "12": 15.6667234041441361114266328513622283935546875
  },
  "setupType": "Regional Bidder Setup",
  "population": 0,
  "id": 5,
  "worldId": 9,
  "implementation": "org.spectrumauctions.sats.core.model.gsvm.GSVMBidder"
}