{
  "bidderPosition": 3,
  "values": {
    "16": 8.6675695675847368448785346117801964282989501953125,
    "6": 1.7968111553563215210260750609450042247772216796875,
    "7": 4.6268075817241705038895815960131585597991943359375,
    "8": 3.69921177920506938363587323692627251148223876953125,
    "9": 13.2345746940056070428681778139434754848480224609375,
    "15": 2.06503403892034587130410727695561945438385009765625
  },
  "setupType": "Regional Bidder Setup",
  "population": 0,
  "id": 3,
  "worldId": 9,
  "implementation": "org.spectrumauctions.sats.core.model.gsvm.GSVMBidder"
}