{
  "bidderPosition": 2,
  "values": {
    "4": 8.50566174348880821298735099844634532928466796875,
    "5": 26.293490927343267316018682322464883327484130859375,
    "6": 20.228996981328126736343619995750486850738525390625,
    "7": 38.87459872667414373381689074449241161346435546875,
    "14": 6.76751438516794312505453490302897989749908447265625,
    "15": 13.0665936729801384075244641280733048915863037109375
  },
  "setupType": "Regional Bidder Setup",
  "population": 0,
  "id": 2,
  "worldId": 9,
  "implementation": "org.spectrumauctions.sats.core.model.gsvm.GSVMBidder"
}