{
  "bidderPosition": 4,
  "values": {
    "16": 18.088396612253671236203445005230605602264404296875,
    "17": 5.7437420076267269308800678118132054805755615234375,
    "8": 18.23823297978585600276346667669713497161865234375,
    "9": 4.71901709918565614998442470096051692962646484375,
    "10": 14.0882097604227514153762967907823622226715087890625,
    "11": 2.4196713772769928851857912377454340457916259765625
  },
  "setupType": "Regional Bidder Setup",
  "population": 0,
  "id": 4,
  "worldId": 9,
  "implementation": "org.spectrumauctions.sats.core.model.gsvm.GSVMBidder"
}