{
  "bidderPosition": -1,
  "values": {
    "0": 8.1268288648937652141057697008363902568817138671875,
    "1": 0.0966938303369457852198820546618662774562835693359375,
    "2": 5.65671034492234081625383623759262263774871826171875,
    "3": 2.89547702697130926452473431709222495555877685546875,
    "4": 12.50940026973301399948468315415084362030029296875,
    "5": 5.51034086558484403894908609800040721893310546875,
    "6": 10.114863097817845982717699371278285980224609375,
    "7": 3.384146750485552690435042677563615143299102783203125,
    "8": 6.37586680742345368599899302353151142597198486328125,
    "9": 3.4241599331438923314863131963647902011871337890625,
    "10": 0.7264248920437899048607732765958644449710845947265625,
    "11": 4.19503160748999182061425017309375107288360595703125
  },
  "setupType": "National Bidder Setup",
  "population": 0,
  "id": 6,
  "worldId": 12,
  "implementation": "org.spectrumauctions.sats.core.model.gsvm.GSVMBidder"
}