{
  "bidderPosition": 2,
  "values": {
    "4": 16.308797541957488874686532653868198394775390625,
    "5": 16.56308640929118070062031620182096958160400390625,
    "6": 17.31419160978480675794344278983771800994873046875,
    "7": 4.7547007899373472383786065620370209217071533203125,
    "14": 17.0487166541540631214957102201879024505615234375,
    "15": 10.964313108571349886233292636461555957794189453125
  },
  "setupType": "Regional Bidder Setup",
  "population": 0,
  "id": 2,
  "worldId": 12,
  "implementation": "org.spectrumauctions.sats.core.model.gsvm.GSVMBidder"
}