{
  "bidderPosition": 1,
  "values": {
    "2": 1.83279246168499554414665908552706241607666015625,
    "3": 4.3113158646877653978890521102584898471832275390625,
    "4": 23.82417049713807699617973412387073040008544921875,
    "5": 20.1008266264902175635143066756427288055419921875,
    "13": 13.0943133740612278614889874006621539592742919921875,
    "14": 15.890470512892392207504599355161190032958984375
  },
  "setupType": "Regional Bidder Setup",
  "population": 0,
  "id": 1,
  "worldId": 12,
  "implementation": "org.spectrumauctions.sats.core.model.gsvm.GSVMBidder"
}