{
  "bidderPosition": 0,
  "values": {
    "0": 11.7067692927600006669308640994131565093994140625,
    "1": 10.638033387836212995125606539659202098846435546875,
    "2": 15.43772004743394887782415025867521762847900390625,
    "3": 16.5183834473347559423928032629191875457763671875,
    "12": 3.235975060569311612113096998655237257480621337890625,
    "13": 18.11929607239897421777641284279525279998779296875
  },
  "setupType": "Regional Bidder Setup",
  "population": 0,
  "id": 0,
  "worldId": 12,
  "implementation": "org.spectrumauctions.sats.core.model.gsvm.GSVMBidder"
}