{
  "bidderPosition": 5,
  "values": {
    "0": 2.437623119382035241642370237968862056732177734375,
    "1": 2.472570023990758869558703736402094364166259765625,
    "17": 17.8102360443926528432712075300514698028564453125,
    "10": 17.7048291872543899216907448135316371917724609375,
    "11": 19.1139151678722072347227367572486400604248046875,
    "12": 0.565570560896941909589941133162938058376312255859375
  },
  "setupType": "Regional Bidder Setup",
  "population": 0,
  "id": 5,
  "worldId": 12,
  "implementation": "org.spectrumauctions.sats.core.model.gsvm.GSVMBidder"
}