{
  "bidderPosition": 4,
  "values": {
    "16": 1.551373207056625513899916768423281610012054443359375,
    "17": 9.228127794555131657716628978960216045379638671875,
    "8": 11.02435050386919357379156281240284442901611328125,
    "9": 17.180704875136346032604706124402582645416259765625,
    "10": 14.4992536254301374043507166788913309574127197265625,
    "11": 0.010108212125958804250558387138880789279937744140625
  },
  "setupType": "Regional Bidder Setup",
  "population": 0,
  "id": 4,
  "worldId": 12,
  "implementation": "org.spectrumauctions.sats.core.model.gsvm.GSVMBidder"
}