{
  "bidderPosition": 3,
  "values": {
    "16": 18.205561710842179223845960223115980625152587890625,
    "6": 24.635739249249386517703896970488131046295166015625,
    "7": 19.248837556217694100269000045955181121826171875,
    "8": 11.717459904490805655541407759301364421844482421875,
    "9": 8.035130972331135268404977978207170963287353515625,
    "15": 6.066054591738858192684347159229218959808349609375
  },
  "setupType": "Regional Bidder Setup",
  "population": 0,
  "id": 3,
  "worldId": 12,
  "implementation": "org.spectrumauctions.sats.core.model.gsvm.GSVMBidder"
}