{
  "bidderPosition": 3,
  "values": {
    "16": 19.055476506219921617457657703198492527008056640625,
    "6": 28.60528923257344757757891784422099590301513671875,
    "7": 22.13592127619440219632451771758496761322021484375,
    "8": 12.017634674495951685457839630544185638427734375,
    "9": 17.7139521512839479555623256601393222808837890625,
    "15": 15.929629750355328354771700105629861354827880859375
  },
  "setupType": "Regional Bidder Setup",
  "population": 0,
  "id": 3,
  "worldId": 2,
  "implementation": "org.spectrumauctions.sats.core.model.gsvm.GSVMBidder"
}