{
  "bidderPosition": 1,
  "values": {
    "2": 18.62652687761445946534877293743193149566650390625,
    "3": 12.75595351673042188167528365738689899444580078125,
    "4": 7.03189366643297564252179654431529343128204345703125,
    "5": 33.6122920851882014403599896468222141265869140625,
    "13": 16.28552742371882544603067799471318721771240234375,
    "14": 15.6245284605054184368100322899408638477325439453125
  },
  "setupType": "Regional Bidder Setup",
  "population": 0,
  "id": 1,
  "worldId": 2,
  "implementation": "org.spectrumauctions.sats.core.model.gsvm.GSVMBidder"
}