{
  "bidderPosition": 5,
  "values": {
    "0": 11.488206130448578079494836856611073017120361328125,
    "1": 9.010110082513822504779454902745783329010009765625,
    "17": 6.47353343047378348984466356341727077960968017578125,
    "10": 4.58745651129726095263094975962303578853607177734375,
    "11": 3.6208231722354344839231998776085674762725830078125,
    "12": 10.0346812779732079690120372106321156024932861328125
  },
  "setupType": "Regional Bidder Setup",
  "population": 0,
  "id": 5,
  "worldId": 2,
  "implementation": "org.spectrumauctions.sats.core.model.gsvm.GSVMBidder"
}