{
  "bidderPosition": -1,
  "values": {
    "0": 5.8840348255922751974367201910354197025299072265625,
    "1": 0.747344983723008393639020141563378274440765380859375,
    "2": 7.4633959746889981801132307737134397029876708984375,
    "3": 0.9184689237187371180226591604878194630146026611328125,
    "4": 9.4365476995467485465951540390960872173309326171875,
    "5": 14.22249065922303401521276100538671016693115234375,
    "6": 0.564468422579356143842232995666563510894775390625,
    "7": 19.1073077733350800144762615673243999481201171875,
    "8": 3.25874807422344847651629606843926012516021728515625,
    "9": 7.7922079444242893231376001494936645030975341796875,
    "10": 5.647005646549278168322416604496538639068603515625,
    "11": 0.62021629373427256126660722657106816768646240234375
  },
  "setupType": "National Bidder Setup",
  "population": 0,
  "id": 6,
  "worldId": 2,
  "implementation": "org.spectrumauctions.sats.core.model.gsvm.GSVMBidder"
}