{
  "bidderPosition": 2,
  "values": {
    "4": 19.6445788780338261858560144901275634765625,
    "5": 27.746836967009276264661821187473833560943603515625,
    "6": 39.21610307763543090686653158627450466156005859375,
    "7": 22.886067438087820846703834831714630126953125,
    "14": 16.74439869263204627714003436267375946044921875,
    "15": 13.0127580855254425529210493550635874271392822265625
  },
  "setupType": "Regional Bidder Setup",
  "population": 0,
  "id": 2,
  "worldId": 2,
  "implementation": "org.spectrumauctions.sats.core.model.gsvm.GSVMBidder"
}