{
  "bidderPosition": 4,
  "values": {
    "16": 19.90602759372520580427590175531804561614990234375,
    "17": 19.641213427394486501498249708674848079681396484375,
    "8": 6.95440992202087926443709875456988811492919921875,
    "9": 7.1712351933359936850820304243825376033782958984375,
    "10": 5.98897326488148085132934284047223627567291259765625,
    "11": 13.808719774797193480253554298542439937591552734375
  },
  "setupType": "Regional Bidder Setup",
  "population": 0,
  "id": 4,
  "worldId": 2,
  "implementation": "org.spectrumauctions.sats.core.model.gsvm.GSVMBidder"
}