{
  "bidderPosition": 0,
  "values": {
    "0": 13.6352224779616761907163891009986400604248046875,
    "1": 2.65974606530554158467793968156911432743072509765625,
    "2": 16.592584071090154651528791873715817928314208984375,
    "3": 6.3540335966579419846311793662607669830322265625,
    "12": 15.463759744611603963448942522518336772918701171875,
    "13": 15.9879395814007612131035784841515123844146728515625
  },
  "setupType": "Regional Bidder Setup",
  "population": 0,
  "id": 0,
  "worldId": 2,
  "implementation": "org.spectrumauctions.sats.core.model.gsvm.GSVMBidder"
}